Workbook

Sheet Code Pro
A1: PROV_CODE | B1: PROV_NAM_T
A2: 20 | B2: จ.ชลบุรี
A3: 21 | B3: จ.ระยอง
A4: 22 | B4: จ.จันทบุรี
A5: 23 | B5: จ.ตราด
A6: 24 | B6: จ.ฉะเชิงเทรา
A7: 25 | B7: จ.ปราจีนบุรี
A8: 26 | B8: จ.นครนายก
A9: 27 | B9: จ.สระแก้ว

Sheet RAW DATA
A1: FID | B1: Shape * | C1: FID_Amphoe | D1: AMP_CODE | E1: AMP_NAM_T | F1: AMP_NAM_E | G1: PROV_CODE | H1: REG_CODE | I1: AMP_ID | J1: FID_GridRa | K1: Id | L1: Input_FID | M1: lat | N1: lon | O1: 00_00Z_202 | P1: 00_00Z_203 | Q1: 00_00Z_204 | R1: 00_00Z_205 | S1: 00_00Z_206 | T1: 00_00Z_207 | U1: 00_00Z_208 | V1: 00_00Z_209 | W1: 00_00Z_210 | X1: Length | Y1: Area
A2: 0 | B2: Polygon | C2: 1 | D2: 1 | E2: อ.เมืองชลบุรี | F2: Amphoe Muang Chonburi | G2: 20 | H2: 2 | I2: 20010000 | J2: 678 | K2: 0 | L2: 13619 | M2: 13.284592 | N2: 100.93988 | O2: 1.52 | P2: 1.01 | Q2: 0.55 | R2: 0.2 | S2: 2.3 | T2: 32.52 | U2: 4.99 | V2: 1.3 | W2: 0 | X2: 32984.059 | Y2: 61459357
A3: 1 | B3: Polygon | C3: 1 | D3: 1 | E3: อ.เมืองชลบุรี | F3: Amphoe Muang Chonburi | G3: 20 | H3: 2 | I3: 20010000 | J3: 679 | K3: 0 | L3: 13618 | M3: 13.284592 | N3: 100.85674 | O3: 1.5 | P3: 0.07 | Q3: 0.54 | R3: 1.15 | S3: 2.24 | T3: 54.619999 | U3: 18.08 | V3: 1.32 | W3: 0.03 | X3: 532.43569 | Y3: 12606.372
A4: 2 | B4: Polygon | C4: 1 | D4: 1 | E4: อ.เมืองชลบุรี | F4: Amphoe Muang Chonburi | G4: 20 | H4: 2 | I4: 20010000 | J4: 680 | K4: 0 | L4: 13499 | M4: 13.203667 | N4: 100.93988 | O4: 0.74 | P4: 0.36 | Q4: 5.45 | R4: 0.65 | S4: 0.21 | T4: 52.720001 | U4: 6.51 | V4: 1.78 | W4: 2.4 | X4: 8386.2692 | Y4: 1662760.7
A5: 3 | B5: Polygon | C5: 1 | D5: 1 | E5: อ.เมืองชลบุรี | F5: Amphoe Muang Chonburi | G5: 20 | H5: 2 | I5: 20010000 | J5: 681 | K5: 0 | L5: 13739 | M5: 13.365479 | N5: 100.93988 | O5: 0 | P5: 3.54 | Q5: 2.05 | R5: 2.38 | S5: 1.35 | T5: 36.060001 | U5: 4.55 | V5: 0.22 | W5: 0 | X5: 27386.196 | Y5: 16159820
A6: 4 | B6: Polygon | C6: 1 | D6: 1 | E6: อ.เมืองชลบุรี | F6: Amphoe Muang Chonburi | G6: 20 | H6: 2 | I6: 20010000 | J6: 683 | K6: 0 | L6: 13741 | M6: 13.365479 | N6: 101.10615 | O6: 0.38 | P6: 15.7 | Q6: 7.94 | R6: 2.33 | S6: 0.05 | T6: 52.740002 | U6: 1.25 | V6: 0 | W6: 0 | X6: 4196.1118 | Y6: 339241.32
A7: 5 | B7: Polygon | C7: 1 | D7: 1 | E7: อ.เมืองชลบุรี | F7: Amphoe Muang Chonburi | G7: 20 | H7: 2 | I7: 20010000 | J7: 684 | K7: 0 | L7: 13859 | M7: 13.446358 | N7: 100.93988 | O7: 0.5 | P7: 5.71 | Q7: 0.03 | R7: 5 | S7: 5.15 | T7: 23.23 | U7: 6.55 | V7: 0.49 | W7: 0 | X7: 15834.741 | Y7: 7638855.7
A8: 6 | B8: Polygon | C8: 1 | D8: 1 | E8: อ.เมืองชลบุรี | F8: Amphoe Muang Chonburi | G8: 20 | H8: 2 | I8: 20010000 | J8: 692 | K8: 0 | L8: 13860 | M8: 13.446358 | N8: 101.02302 | O8: 0.03 | P8: 41.380001 | Q8: 4.11 | R8: 3.2 | S8: 0.97 | T8: 44.740002 | U8: 5.44 | V8: 0 | W8: 0 | X8: 31336.021 | Y8: 39719259
A9: 7 | B9: Polygon | C9: 1 | D9: 1 | E9: อ.เมืองชลบุรี | F9: Amphoe Muang Chonburi | G9: 20 | H9: 2 | I9: 20010000 | J9: 693 | K9: 0 | L9: 13740 | M9: 13.365479 | N9: 101.02302 | O9: 1.94 | P9: 16.65 | Q9: 16.65 | R9: 6.78 | S9: 0.44 | T9: 34.099998 | U9: 3.39 | V9: 0.05 | W9: 0 | X9: 41937.609 | Y9: 72989892
A10: 8 | B10: Polygon | C10: 1 | D10: 1 | E10: อ.เมืองชลบุรี | F10: Amphoe Muang Chonburi | G10: 20 | H10: 2 | I10: 20010000 | J10: 694 | K10: 0 | L10: 13621 | M10: 13.284592 | N10: 101.10615 | O10: 0.01 | P10: 27.23 | Q10: 2.86 | R10: 1.07 | S10: 0 | T10: 25.360001 | U10: 1.22 | V10: 0.03 | W10: 0 | X10: 10020.996 | Y10: 3033125.3
A11: 9 | B11: Polygon | C11: 1 | D11: 1 | E11: อ.เมืองชลบุรี | F11: Amphoe Muang Chonburi | G11: 20 | H11: 2 | I11: 20010000 | J11: 695 | K11: 0 | L11: 13620 | M11: 13.284592 | N11: 101.02302 | O11: 2.91 | P11: 8.71 | Q11: 1.09 | R11: 0.09 | S11: 0.45 | T11: 35.630001 | U11: 1.78 | V11: 0.02 | W11: 0 | X11: 31810.657 | Y11: 51942792
A12: 10 | B12: Polygon | C12: 1 | D12: 1 | E12: อ.เมืองชลบุรี | F12: Amphoe Muang Chonburi | G12: 20 | H12: 2 | I12: 20010000 | J12: 719 | K12: 0 | L12: 13861 | M12: 13.446358 | N12: 101.10615 | O12: 2.3 | P12: 43.209999 | Q12: 21.57 | R12: 5.38 | S12: 0.03 | T12: 60.759998 | U12: 1.86 | V12: 0 | W12: 0 | X12: 3706.4838 | Y12: 715966.14
A13: 11 | B13: Polygon | C13: 2 | D13: 2 | E13: อ.บ้านบึง | F13: Amphoe Ban Bung | G13: 20 | H13: 2 | I13: 20020000 | J13: 683 | K13: 0 | L13: 13741 | M13: 13.365479 | N13: 101.10615 | O13: 0.38 | P13: 15.7 | Q13: 7.94 | R13: 2.33 | S13: 0.05 | T13: 52.740002 | U13: 1.25 | V13: 0 | W13: 0 | X13: 40208.175 | Y13: 50752081
... A1063: 1061 | B1063: Polygon | C1063: 68 | D1063: 9 | E1063: อ.วังสมบูรณ์ | F1063: King Amphoe Wang Sombun | G1063: 27 | H1063: 2 | I1063: 27090000 | J1063: 1000 | K1063: 0 | L1063: 13635 | M1063: 13.284592 | N1063: 102.27006 | O1063: 3.38 | P1063: 44.349998 | Q1063: 0.14 | R1063: 0.39 | S1063: 9.15 | T1063: 38.68 | U1063: 15.62 | V1063: 0.83 | W1063: 0.31 | X1063: 32145.295 | Y1063: 46383189
A1064: 1062 | B1064: Polygon | C1064: 0 | D1064: - | E1064: เขตปกครองพิเศษกร | F1064: Bangkok | G1064: - | H1064: 1 | I1064: - | J1064: 724 | K1064: 0 | L1064: 14339 | M1064: 13.769569 | N1064: 100.93988 | O1064: 7.61 | P1064: 0.26 | Q1064: 37.810001 | R1064: 0 | S1064: 0.74 | T1064: 52.41 | U1064: 2.73 | V1064: 0 | W1064: 0 | X1064: 2.766567 | Y1064: 0.00355
A1065: 1063 | B1065: Polygon | C1065: 38 | D1065: 1 | E1065: อ.เมืองฉะเชิงเทรา | F1065: Amphoe Muang Chachoengsao | G1065: 24 | H1065: 2 | I1065: 24010000 | J1065: 724 | K1065: 0 | L1065: 14339 | M1065: 13.769569 | N1065: 100.93988 | O1065: 7.61 | P1065: 0.26 | Q1065: 37.810001 | R1065: 0 | S1065: 0.74 | T1065: 52.41 | U1065: 2.73 | V1065: 0 | W1065: 0 | X1065: 2.766567 | Y1065: 0.00355
A1066: 1064 | B1066: Polygon | C1066: 0 | D1066: - | E1066: เขตปกครองพิเศษกร | F1066: Bangkok | G1066: - | H1066: 1 | I1066: - | J1066: 724 | K1066: 0 | L1066: 14339 | M1066: 13.769569 | N1066: 100.93988 | O1066: 7.61 | P1066: 0.26 | Q1066: 37.810001 | R1066: 0 | S1066: 0.74 | T1066: 52.41 | U1066: 2.73 | V1066: 0 | W1066: 0 | X1066: 600.97047 | Y1066: 0.772639
A1067: 1065 | B1067: Polygon | C1067: 40 | D1067: 3 | E1067: อ.บางน้ำเปรี้ยว | F1067: Amphoe Bang Nam Pieo | G1067: 24 | H1067: 2 | I1067: 24030000 | J1067: 724 | K1067: 0 | L1067: 14339 | M1067: 13.769569 | N1067: 100.93988 | O1067: 7.61 | P1067: 0.26 | Q1067: 37.810001 | R1067: 0 | S1067: 0.74 | T1067: 52.41 | U1067: 2.73 | V1067: 0 | W1067: 0 | X1067: 600.97047 | Y1067: 0.772639
A1068: 1066 | B1068: Polygon | C1068: 0 | D1068: - | E1068: เขตปกครองพิเศษกร | F1068: Bangkok | G1068: - | H1068: 1 | I1068: - | J1068: 726 | K1068: 0 | L1068: 14459 | M1068: 13.850304 | N1068: 100.93988 | O1068: 1.86 | P1068: 0 | Q1068: 62.779999 | R1068: 0.24 | S1068: 0.85 | T1068: 22.469999 | U1068: 6.77 | V1068: 0 | W1068: 0 | X1068: 43.520061 | Y1068: 0.25223
A1069: 1067 | B1069: Polygon | C1069: 40 | D1069: 3 | E1069: อ.บางน้ำเปรี้ยว | F1069: Amphoe Bang Nam Pieo | G1069: 24 | H1069: 2 | I1069: 24030000 | J1069: 726 | K1069: 0 | L1069: 14459 | M1069: 13.850304 | N1069: 100.93988 | O1069: 1.86 | P1069: 0 | Q1069: 62.779999 | R1069: 0.24 | S1069: 0.85 | T1069: 22.469999 | U1069: 6.77 | V1069: 0 | W1069: 0 | X1069: 43.520061 | Y1069: 0.25223

Sheet Data
A1: FID | B1: Shape * | C1: FID_Amphoe | D1: AMP_CODE | E1: AMP_NAM_T | F1: AMP_NAM_E | G1: PROV_CODE | H1: REG_CODE | I1: AMP_ID | J1: FID_GridRa | K1: Id | L1: Input_FID | M1: lat | N1: lon | O1: 00_00Z_202 | P1: 00_00Z_203 | Q1: 00_00Z_204 | R1: 00_00Z_205 | S1: 00_00Z_206 | T1: 00_00Z_207 | U1: 00_00Z_208 | V1: 00_00Z_209 | W1: 00_00Z_210 | X1: Length | Y1: Area | Z1: จัวหวัด | AA1: 00_00Z_202 | AB1: 00_00Z_203 | AC1: 00_00Z_204 | AD1: 00_00Z_205 | AE1: 00_00Z_206 | AF1: 00_00Z_207 | AG1: 00_00Z_208 | AH1: 00_00Z_209 | AI1: 00_00Z_210
A2: 0 | B2: Polygon | C2: 1 | D2: 1 | E2: อ.เมืองชลบุรี | F2: Amphoe Muang Chonburi | G2: 20 | H2: 2 | I2: 20010000 | J2: 678 | K2: 0 | L2: 13619 | M2: 13.284592 | N2: 100.93988 | O2: 1.52 | P2: 1.01 | Q2: 0.55 | R2: 0.2 | S2: 2.3 | T2: 32.52 | U2: 4.99 | V2: 1.3 | W2: 0 | X2: 32984.059 | Y2: 61459357 | Z2: =VLOOKUP(G2,'Code Pro'!$A$2:$B$9,2,FALSE) -> จ.ชลบุรี | AA2: =+O2*$Y2 -> 93418223 | AB2: =+P2*$Y2 -> 62073951 | AC2: =+Q2*$Y2 -> 33802647 | AD2: =+R2*$Y2 -> 12291871 | AE2: =+S2*$Y2 -> 1.4135652e+08 | AF2: =+T2*$Y2 -> 1.9986583e+09 | AG2: =+U2*$Y2 -> 3.0668219e+08 | AH2: =+V2*$Y2 -> 79897165 | AI2: =+W2*$Y2 -> 0
A3: 1 | B3: Polygon | C3: 1 | D3: 1 | E3: อ.เมืองชลบุรี | F3: Amphoe Muang Chonburi | G3: 20 | H3: 2 | I3: 20010000 | J3: 679 | K3: 0 | L3: 13618 | M3: 13.284592 | N3: 100.85674 | O3: 1.5 | P3: 0.07 | Q3: 0.54 | R3: 1.15 | S3: 2.24 | T3: 54.619999 | U3: 18.08 | V3: 1.32 | W3: 0.03 | X3: 532.43569 | Y3: 12606.372 | Z3: =VLOOKUP(G3,'Code Pro'!$A$2:$B$9,2,FALSE) -> จ.ชลบุรี | AA3: =+O3*$Y3 -> 18909.559 | AB3: =+P3*$Y3 -> 882.44607 | AC3: =+Q3*$Y3 -> 6807.4411 | AD3: =+R3*$Y3 -> 14497.328 | AE3: =+S3*$Y3 -> 28238.274 | AF3: =+T3*$Y3 -> 688560.05 | AG3: =+U3*$Y3 -> 227923.21 | AH3: =+V3*$Y3 -> 16640.412 | AI3: =+W3*$Y3 -> 378.19117
A4: 2 | B4: Polygon | C4: 1 | D4: 1 | E4: อ.เมืองชลบุรี | F4: Amphoe Muang Chonburi | G4: 20 | H4: 2 | I4: 20010000 | J4: 680 | K4: 0 | L4: 13499 | M4: 13.203667 | N4: 100.93988 | O4: 0.74 | P4: 0.36 | Q4: 5.45 | R4: 0.65 | S4: 0.21 | T4: 52.720001 | U4: 6.51 | V4: 1.78 | W4: 2.4 | X4: 8386.2692 | Y4: 1662760.7 | Z4: =VLOOKUP(G4,'Code Pro'!$A$2:$B$9,2,FALSE) -> จ.ชลบุรี | AA4: =+O4*$Y4 -> 1230442.9 | AB4: =+P4*$Y4 -> 598593.86 | AC4: =+Q4*$Y4 -> 9062045.9 | AD4: =+R4*$Y4 -> 1080794.5 | AE4: =+S4*$Y4 -> 349179.75 | AF4: =+T4*$Y4 -> 87660747 | AG4: =+U4*$Y4 -> 10824572 | AH4: =+V4*$Y4 -> 2959714.1 | AI4: =+W4*$Y4 -> 3990625.7
A5: 3 | B5: Polygon | C5: 1 | D5: 1 | E5: อ.เมืองชลบุรี | F5: Amphoe Muang Chonburi | G5: 20 | H5: 2 | I5: 20010000 | J5: 681 | K5: 0 | L5: 13739 | M5: 13.365479 | N5: 100.93988 | O5: 0 | P5: 3.54 | Q5: 2.05 | R5: 2.38 | S5: 1.35 | T5: 36.060001 | U5: 4.55 | V5: 0.22 | W5: 0 | X5: 27386.196 | Y5: 16159820 | Z5: =VLOOKUP(G5,'Code Pro'!$A$2:$B$9,2,FALSE) -> จ.ชลบุรี | AA5: =+O5*$Y5 -> 0 | AB5: =+P5*$Y5 -> 57205763 | AC5: =+Q5*$Y5 -> 33127631 | AD5: =+R5*$Y5 -> 38460372 | AE5: =+S5*$Y5 -> 21815757 | AF5: =+T5*$Y5 -> 5.8272313e+08 | AG5: =+U5*$Y5 -> 73527182 | AH5: =+V5*$Y5 -> 3555160.4 | AI5: =+W5*$Y5 -> 0
A6: 4 | B6: Polygon | C6: 1 | D6: 1 | E6: อ.เมืองชลบุรี | F6: Amphoe Muang Chonburi | G6: 20 | H6: 2 | I6: 20010000 | J6: 683 | K6: 0 | L6: 13741 | M6: 13.365479 | N6: 101.10615 | O6: 0.38 | P6: 15.7 | Q6: 7.94 | R6: 2.33 | S6: 0.05 | T6: 52.740002 | U6: 1.25 | V6: 0 | W6: 0 | X6: 4196.1118 | Y6: 339241.32 | Z6: =VLOOKUP(G6,'Code Pro'!$A$2:$B$9,2,FALSE) -> จ.ชลบุรี | AA6: =+O6*$Y6 -> 128911.7 | AB6: =+P6*$Y6 -> 5326088.7 | AC6: =+Q6*$Y6 -> 2693576.1 | AD6: =+R6*$Y6 -> 790432.27 | AE6: =+S6*$Y6 -> 16962.066 | AF6: =+T6*$Y6 -> 17891588 | AG6: =+U6*$Y6 -> 424051.65 | AH6: =+V6*$Y6 -> 0 | AI6: =+W6*$Y6 -> 0
A7: 5 | B7: Polygon | C7: 1 | D7: 1 | E7: อ.เมืองชลบุรี | F7: Amphoe Muang Chonburi | G7: 20 | H7: 2 | I7: 20010000 | J7: 684 | K7: 0 | L7: 13859 | M7: 13.446358 | N7: 100.93988 | O7: 0.5 | P7: 5.71 | Q7: 0.03 | R7: 5 | S7: 5.15 | T7: 23.23 | U7: 6.55 | V7: 0.49 | W7: 0 | X7: 15834.741 | Y7: 7638855.7 | Z7: =VLOOKUP(G7,'Code Pro'!$A$2:$B$9,2,FALSE) -> จ.ชลบุรี | AA7: =+O7*$Y7 -> 3819427.9 | AB7: =+P7*$Y7 -> 43617866 | AC7: =+Q7*$Y7 -> 229165.67 | AD7: =+R7*$Y7 -> 38194279 | AE7: =+S7*$Y7 -> 39340107 | AF7: =+T7*$Y7 -> 1.7745062e+08 | AG7: =+U7*$Y7 -> 50034505 | AH7: =+V7*$Y7 -> 3743039.3 | AI7: =+W7*$Y7 -> 0
A8: 6 | B8: Polygon | C8: 1 | D8: 1 | E8: อ.เมืองชลบุรี | F8: Amphoe Muang Chonburi | G8: 20 | H8: 2 | I8: 20010000 | J8: 692 | K8: 0 | L8: 13860 | M8: 13.446358 | N8: 101.02302 | O8: 0.03 | P8: 41.380001 | Q8: 4.11 | R8: 3.2 | S8: 0.97 | T8: 44.740002 | U8: 5.44 | V8: 0 | W8: 0 | X8: 31336.021 | Y8: 39719259 | Z8: =VLOOKUP(G8,'Code Pro'!$A$2:$B$9,2,FALSE) -> จ.ชลบุรี | AA8: =+O8*$Y8 -> 1191577.8 | AB8: =+P8*$Y8 -> 1.643583e+09 | AC8: =+Q8*$Y8 -> 1.6324615e+08 | AD8: =+R8*$Y8 -> 1.2710163e+08 | AE8: =+S8*$Y8 -> 38527681 | AF8: =+T8*$Y8 -> 1.7770397e+09 | AG8: =+U8*$Y8 -> 2.1607277e+08 | AH8: =+V8*$Y8 -> 0 | AI8: =+W8*$Y8 -> 0
A9: 7 | B9: Polygon | C9: 1 | D9: 1 | E9: อ.เมืองชลบุรี | F9: Amphoe Muang Chonburi | G9: 20 | H9: 2 | I9: 20010000 | J9: 693 | K9: 0 | L9: 13740 | M9: 13.365479 | N9: 101.02302 | O9: 1.94 | P9: 16.65 | Q9: 16.65 | R9: 6.78 | S9: 0.44 | T9: 34.099998 | U9: 3.39 | V9: 0.05 | W9: 0 | X9: 41937.609 | Y9: 72989892 | Z9: =VLOOKUP(G9,'Code Pro'!$A$2:$B$9,2,FALSE) -> จ.ชลบุรี | AA9: =+O9*$Y9 -> 1.4160039e+08 | AB9: =+P9*$Y9 -> 1.2152817e+09 | AC9: =+Q9*$Y9 -> 1.2152817e+09 | AD9: =+R9*$Y9 -> 4.9487147e+08 | AE9: =+S9*$Y9 -> 32115553 | AF9: =+T9*$Y9 -> 2.4889552e+09 | AG9: =+U9*$Y9 -> 2.4743573e+08 | AH9: =+V9*$Y9 -> 3649494.6 | AI9: =+W9*$Y9 -> 0
A10: 8 | B10: Polygon | C10: 1 | D10: 1 | E10: อ.เมืองชลบุรี | F10: Amphoe Muang Chonburi | G10: 20 | H10: 2 | I10: 20010000 | J10: 694 | K10: 0 | L10: 13621 | M10: 13.284592 | N10: 101.10615 | O10: 0.01 | P10: 27.23 | Q10: 2.86 | R10: 1.07 | S10: 0 | T10: 25.360001 | U10: 1.22 | V10: 0.03 | W10: 0 | X10: 10020.996 | Y10: 3033125.3 | Z10: =VLOOKUP(G10,'Code Pro'!$A$2:$B$9,2,FALSE) -> จ.ชลบุรี | AA10: =+O10*$Y10 -> 30331.253 | AB10: =+P10*$Y10 -> 82592003 | AC10: =+Q10*$Y10 -> 8674738.4 | AD10: =+R10*$Y10 -> 3245444.1 | AE10: =+S10*$Y10 -> 0 | AF10: =+T10*$Y10 -> 76920061 | AG10: =+U10*$Y10 -> 3700412.9 | AH10: =+V10*$Y10 -> 90993.76 | AI10: =+W10*$Y10 -> 0
A11: 9 | B11: Polygon | C11: 1 | D11: 1 | E11: อ.เมืองชลบุรี | F11: Amphoe Muang Chonburi | G11: 20 | H11: 2 | I11: 20010000 | J11: 695 | K11: 0 | L11: 13620 | M11: 13.284592 | N11: 101.02302 | O11: 2.91 | P11: 8.71 | Q11: 1.09 | R11: 0.09 | S11: 0.45 | T11: 35.630001 | U11: 1.78 | V11: 0.02 | W11: 0 | X11: 31810.657 | Y11: 51942792 | Z11: =VLOOKUP(G11,'Code Pro'!$A$2:$B$9,2,FALSE) -> จ.ชลบุรี | AA11: =+O11*$Y11 -> 1.5115352e+08 | AB11: =+P11*$Y11 -> 4.5242172e+08 | AC11: =+Q11*$Y11 -> 56617643 | AD11: =+R11*$Y11 -> 4674851.3 | AE11: =+S11*$Y11 -> 23374256 | AF11: =+T11*$Y11 -> 1.8507217e+09 | AG11: =+U11*$Y11 -> 92458169 | AH11: =+V11*$Y11 -> 1038855.8 | AI11: =+W11*$Y11 -> 0
A12: 10 | B12: Polygon | C12: 1 | D12: 1 | E12: อ.เมืองชลบุรี | F12: Amphoe Muang Chonburi | G12: 20 | H12: 2 | I12: 20010000 | J12: 719 | K12: 0 | L12: 13861 | M12: 13.446358 | N12: 101.10615 | O12: 2.3 | P12: 43.209999 | Q12: 21.57 | R12: 5.38 | S12: 0.03 | T12: 60.759998 | U12: 1.86 | V12: 0 | W12: 0 | X12: 3706.4838 | Y12: 715966.14 | Z12: =VLOOKUP(G12,'Code Pro'!$A$2:$B$9,2,FALSE) -> จ.ชลบุรี | AA12: =+O12*$Y12 -> 1646722.1 | AB12: =+P12*$Y12 -> 30936896 | AC12: =+Q12*$Y12 -> 15443390 | AD12: =+R12*$Y12 -> 3851897.9 | AE12: =+S12*$Y12 -> 21478.984 | AF12: =+T12*$Y12 -> 43502102 | AG12: =+U12*$Y12 -> 1331697 | AH12: =+V12*$Y12 -> 0 | AI12: =+W12*$Y12 -> 0
A13: 11 | B13: Polygon | C13: 2 | D13: 2 | E13: อ.บ้านบึง | F13: Amphoe Ban Bung | G13: 20 | H13: 2 | I13: 20020000 | J13: 683 | K13: 0 | L13: 13741 | M13: 13.365479 | N13: 101.10615 | O13: 0.38 | P13: 15.7 | Q13: 7.94 | R13: 2.33 | S13: 0.05 | T13: 52.740002 | U13: 1.25 | V13: 0 | W13: 0 | X13: 40208.175 | Y13: 50752081 | Z13: =VLOOKUP(G13,'Code Pro'!$A$2:$B$9,2,FALSE) -> จ.ชลบุรี | AA13: =+O13*$Y13 -> 19285791 | AB13: =+P13*$Y13 -> 7.9680768e+08 | AC13: =+Q13*$Y13 -> 4.0297153e+08 | AD13: =+R13*$Y13 -> 1.1825235e+08 | AE13: =+S13*$Y13 -> 2537604.1 | AF13: =+T13*$Y13 -> 2.6766649e+09 | AG13: =+U13*$Y13 -> 63440102 | AH13: =+V13*$Y13 -> 0 | AI13: =+W13*$Y13 -> 0
... A1063: 1061 | B1063: Polygon | C1063: 68 | D1063: 9 | E1063: อ.วังสมบูรณ์ | F1063: King Amphoe Wang Sombun | G1063: 27 | H1063: 2 | I1063: 27090000 | J1063: 1000 | K1063: 0 | L1063: 13635 | M1063: 13.284592 | N1063: 102.27006 | O1063: 3.38 | P1063: 44.349998 | Q1063: 0.14 | R1063: 0.39 | S1063: 9.15 | T1063: 38.68 | U1063: 15.62 | V1063: 0.83 | W1063: 0.31 | X1063: 32145.295 | Y1063: 46383189 | Z1063: =VLOOKUP(G1063,'Code Pro'!$A$2:$B$9,2,FALSE) -> จ.สระแก้ว | AA1063: =+O1063*$Y1063 -> 1.5677518e+08 | AB1063: =+P1063*$Y1063 -> 2.0570943e+09 | AC1063: =+Q1063*$Y1063 -> 6493646.4 | AD1063: =+R1063*$Y1063 -> 18089444 | AE1063: =+S1063*$Y1063 -> 4.2440618e+08 | AF1063: =+T1063*$Y1063 -> 1.7941017e+09 | AG1063: =+U1063*$Y1063 -> 7.2450541e+08 | AH1063: =+V1063*$Y1063 -> 38498047 | AI1063: =+W1063*$Y1063 -> 14378789
A1064: 1062 | B1064: Polygon | C1064: 0 | D1064: - | E1064: เขตปกครองพิเศษกร | F1064: Bangkok | G1064: - | H1064: 1 | I1064: - | J1064: 724 | K1064: 0 | L1064: 14339 | M1064: 13.769569 | N1064: 100.93988 | O1064: 7.61 | P1064: 0.26 | Q1064: 37.810001 | R1064: 0 | S1064: 0.74 | T1064: 52.41 | U1064: 2.73 | V1064: 0 | W1064: 0 | X1064: 2.766567 | Y1064: 0.00355 | Z1064: =VLOOKUP(G1064,'Code Pro'!$A$2:$B$9,2,FALSE) -> #N/A | AA1064: =+O1064*$Y1064 -> 0.0270155 | AB1064: =+P1064*$Y1064 -> 0.000923 | AC1064: =+Q1064*$Y1064 -> 0.1342255 | AD1064: =+R1064*$Y1064 -> 0 | AE1064: =+S1064*$Y1064 -> 0.002627 | AF1064: =+T1064*$Y1064 -> 0.1860555 | AG1064: =+U1064*$Y1064 -> 0.0096915 | AH1064: =+V1064*$Y1064 -> 0 | AI1064: =+W1064*$Y1064 -> 0
A1065: 1063 | B1065: Polygon | C1065: 38 | D1065: 1 | E1065: อ.เมืองฉะเชิงเทรา | F1065: Amphoe Muang Chachoengsao | G1065: 24 | H1065: 2 | I1065: 24010000 | J1065: 724 | K1065: 0 | L1065: 14339 | M1065: 13.769569 | N1065: 100.93988 | O1065: 7.61 | P1065: 0.26 | Q1065: 37.810001 | R1065: 0 | S1065: 0.74 | T1065: 52.41 | U1065: 2.73 | V1065: 0 | W1065: 0 | X1065: 2.766567 | Y1065: 0.00355 | Z1065: =VLOOKUP(G1065,'Code Pro'!$A$2:$B$9,2,FALSE) -> จ.ฉะเชิงเทรา | AA1065: =+O1065*$Y1065 -> 0.0270155 | AB1065: =+P1065*$Y1065 -> 0.000923 | AC1065: =+Q1065*$Y1065 -> 0.1342255 | AD1065: =+R1065*$Y1065 -> 0 | AE1065: =+S1065*$Y1065 -> 0.002627 | AF1065: =+T1065*$Y1065 -> 0.1860555 | AG1065: =+U1065*$Y1065 -> 0.0096915 | AH1065: =+V1065*$Y1065 -> 0 | AI1065: =+W1065*$Y1065 -> 0
A1066: 1064 | B1066: Polygon | C1066: 0 | D1066: - | E1066: เขตปกครองพิเศษกร | F1066: Bangkok | G1066: - | H1066: 1 | I1066: - | J1066: 724 | K1066: 0 | L1066: 14339 | M1066: 13.769569 | N1066: 100.93988 | O1066: 7.61 | P1066: 0.26 | Q1066: 37.810001 | R1066: 0 | S1066: 0.74 | T1066: 52.41 | U1066: 2.73 | V1066: 0 | W1066: 0 | X1066: 600.97047 | Y1066: 0.772639 | Z1066: =VLOOKUP(G1066,'Code Pro'!$A$2:$B$9,2,FALSE) -> #N/A | AA1066: =+O1066*$Y1066 -> 5.8797828 | AB1066: =+P1066*$Y1066 -> 0.20088614 | AC1066: =+Q1066*$Y1066 -> 29.213481 | AD1066: =+R1066*$Y1066 -> 0 | AE1066: =+S1066*$Y1066 -> 0.57175286 | AF1066: =+T1066*$Y1066 -> 40.49401 | AG1066: =+U1066*$Y1066 -> 2.1093045 | AH1066: =+V1066*$Y1066 -> 0 | AI1066: =+W1066*$Y1066 -> 0
A1067: 1065 | B1067: Polygon | C1067: 40 | D1067: 3 | E1067: อ.บางน้ำเปรี้ยว | F1067: Amphoe Bang Nam Pieo | G1067: 24 | H1067: 2 | I1067: 24030000 | J1067: 724 | K1067: 0 | L1067: 14339 | M1067: 13.769569 | N1067: 100.93988 | O1067: 7.61 | P1067: 0.26 | Q1067: 37.810001 | R1067: 0 | S1067: 0.74 | T1067: 52.41 | U1067: 2.73 | V1067: 0 | W1067: 0 | X1067: 600.97047 | Y1067: 0.772639 | Z1067: =VLOOKUP(G1067,'Code Pro'!$A$2:$B$9,2,FALSE) -> จ.ฉะเชิงเทรา | AA1067: =+O1067*$Y1067 -> 5.8797828 | AB1067: =+P1067*$Y1067 -> 0.20088614 | AC1067: =+Q1067*$Y1067 -> 29.213481 | AD1067: =+R1067*$Y1067 -> 0 | AE1067: =+S1067*$Y1067 -> 0.57175286 | AF1067: =+T1067*$Y1067 -> 40.49401 | AG1067: =+U1067*$Y1067 -> 2.1093045 | AH1067: =+V1067*$Y1067 -> 0 | AI1067: =+W1067*$Y1067 -> 0
A1068: 1066 | B1068: Polygon | C1068: 0 | D1068: - | E1068: เขตปกครองพิเศษกร | F1068: Bangkok | G1068: - | H1068: 1 | I1068: - | J1068: 726 | K1068: 0 | L1068: 14459 | M1068: 13.850304 | N1068: 100.93988 | O1068: 1.86 | P1068: 0 | Q1068: 62.779999 | R1068: 0.24 | S1068: 0.85 | T1068: 22.469999 | U1068: 6.77 | V1068: 0 | W1068: 0 | X1068: 43.520061 | Y1068: 0.25223 | Z1068: =VLOOKUP(G1068,'Code Pro'!$A$2:$B$9,2,FALSE) -> #N/A | AA1068: =+O1068*$Y1068 -> 0.4691478 | AB1068: =+P1068*$Y1068 -> 0 | AC1068: =+Q1068*$Y1068 -> 15.834999 | AD1068: =+R1068*$Y1068 -> 0.0605352 | AE1068: =+S1068*$Y1068 -> 0.2143955 | AF1068: =+T1068*$Y1068 -> 5.6676078 | AG1068: =+U1068*$Y1068 -> 1.7075971 | AH1068: =+V1068*$Y1068 -> 0 | AI1068: =+W1068*$Y1068 -> 0
A1069: 1067 | B1069: Polygon | C1069: 40 | D1069: 3 | E1069: อ.บางน้ำเปรี้ยว | F1069: Amphoe Bang Nam Pieo | G1069: 24 | H1069: 2 | I1069: 24030000 | J1069: 726 | K1069: 0 | L1069: 14459 | M1069: 13.850304 | N1069: 100.93988 | O1069: 1.86 | P1069: 0 | Q1069: 62.779999 | R1069: 0.24 | S1069: 0.85 | T1069: 22.469999 | U1069: 6.77 | V1069: 0 | W1069: 0 | X1069: 43.520061 | Y1069: 0.25223 | Z1069: =VLOOKUP(G1069,'Code Pro'!$A$2:$B$9,2,FALSE) -> จ.ฉะเชิงเทรา | AA1069: =+O1069*$Y1069 -> 0.4691478 | AB1069: =+P1069*$Y1069 -> 0 | AC1069: =+Q1069*$Y1069 -> 15.834999 | AD1069: =+R1069*$Y1069 -> 0.0605352 | AE1069: =+S1069*$Y1069 -> 0.2143955 | AF1069: =+T1069*$Y1069 -> 5.6676078 | AG1069: =+U1069*$Y1069 -> 1.7075971 | AH1069: =+V1069*$Y1069 -> 0 | AI1069: =+W1069*$Y1069 -> 0

Sheet WeightCal
D1: ฝน x พื้นที่ | M1: ฝน
A2: จังหวัด | B2: อำเภอ | C2: พื้นที่ (ตร.ม.) | D2: 00_00Z_202 | E2: 00_00Z_203 | F2: 00_00Z_204 | G2: 00_00Z_205 | H2: 00_00Z_206 | I2: 00_00Z_207 | J2: 00_00Z_208 | K2: 00_00Z_209 | L2: 00_00Z_210 | M2: 00_00Z_202 | N2: 00_00Z_203 | O2: 00_00Z_204 | P2: 00_00Z_205 | Q2: 00_00Z_206 | R2: 00_00Z_207 | S2: 00_00Z_208 | T2: 00_00Z_209 | U2: 00_00Z_210
A3: จ.ฉะเชิงเทรา | B3: อ.คลองเขื่อน | C3: =SUMIFS(Data!$Y$2:$Y$2000,Data!$E$2:$E$2000,WeightCal!B3) -> 1.0716861e+08 | D3: =SUMIFS(Data!AA$2:AA$2000,Data!$E$2:$E$2000,WeightCal!$B3) -> 6.3986342e+09 | E3: =SUMIFS(Data!AB$2:AB$2000,Data!$E$2:$E$2000,WeightCal!$B3) -> 2.2528593e+08 | F3: =SUMIFS(Data!AC$2:AC$2000,Data!$E$2:$E$2000,WeightCal!$B3) -> 8.462009e+08 | G3: =SUMIFS(Data!AD$2:AD$2000,Data!$E$2:$E$2000,WeightCal!$B3) -> 15280717 | H3: =SUMIFS(Data!AE$2:AE$2000,Data!$E$2:$E$2000,WeightCal!$B3) -> 1.3927615e+08 | I3: =SUMIFS(Data!AF$2:AF$2000,Data!$E$2:$E$2000,WeightCal!$B3) -> 1.2979234e+09 | J3: =SUMIFS(Data!AG$2:AG$2000,Data!$E$2:$E$2000,WeightCal!$B3) -> 3.269125e+09 | K3: =SUMIFS(Data!AH$2:AH$2000,Data!$E$2:$E$2000,WeightCal!$B3) -> 443468.62 | L3: =SUMIFS(Data!AI$2:AI$2000,Data!$E$2:$E$2000,WeightCal!$B3) -> 0 | M3: =+D3/$C3 -> 59.706233 | N3: =+E3/$C3 -> 2.1021633 | O3: =+F3/$C3 -> 7.895977 | P3: =+G3/$C3 -> 0.14258575 | Q3: =+H3/$C3 -> 1.2995983 | R3: =+I3/$C3 -> 12.11104 | S3: =+J3/$C3 -> 30.5045 | T3: =+K3/$C3 -> 0.0041380457 | U3: =+L3/$C3 -> 0
B4: อ.ท่าตะเกียบ | C4: =SUMIFS(Data!$Y$2:$Y$2000,Data!$E$2:$E$2000,WeightCal!B4) -> 1.4226099e+09 | D4: =SUMIFS(Data!AA$2:AA$2000,Data!$E$2:$E$2000,WeightCal!$B4) -> 1.472795e+10 | E4: =SUMIFS(Data!AB$2:AB$2000,Data!$E$2:$E$2000,WeightCal!$B4) -> 5.6988864e+09 | F4: =SUMIFS(Data!AC$2:AC$2000,Data!$E$2:$E$2000,WeightCal!$B4) -> 3.1945944e+09 | G4: =SUMIFS(Data!AD$2:AD$2000,Data!$E$2:$E$2000,WeightCal!$B4) -> 7.6757604e+08 | H4: =SUMIFS(Data!AE$2:AE$2000,Data!$E$2:$E$2000,WeightCal!$B4) -> 9.9886923e+09 | I4: =SUMIFS(Data!AF$2:AF$2000,Data!$E$2:$E$2000,WeightCal!$B4) -> 1.4725965e+10 | J4: =SUMIFS(Data!AG$2:AG$2000,Data!$E$2:$E$2000,WeightCal!$B4) -> 3.3698244e+10 | K4: =SUMIFS(Data!AH$2:AH$2000,Data!$E$2:$E$2000,WeightCal!$B4) -> 9.5686739e+08 | L4: =SUMIFS(Data!AI$2:AI$2000,Data!$E$2:$E$2000,WeightCal!$B4) -> 19108296 | M4: =+D4/$C4 -> 10.352768 | N4: =+E4/$C4 -> 4.0059375 | O4: =+F4/$C4 -> 2.2455871 | P4: =+G4/$C4 -> 0.53955483 | Q4: =+H4/$C4 -> 7.0213853 | R4: =+I4/$C4 -> 10.351372 | S4: =+J4/$C4 -> 23.687621 | T4: =+K4/$C4 -> 0.67261403 | U4: =+L4/$C4 -> 0.013431859
B5: อ.บางคล้า | C5: =SUMIFS(Data!$Y$2:$Y$2000,Data!$E$2:$E$2000,WeightCal!B5) -> 2.3559875e+08 | D5: =SUMIFS(Data!AA$2:AA$2000,Data!$E$2:$E$2000,WeightCal!$B5) -> 1.0591188e+10 | E5: =SUMIFS(Data!AB$2:AB$2000,Data!$E$2:$E$2000,WeightCal!$B5) -> 3.8471259e+08 | F5: =SUMIFS(Data!AC$2:AC$2000,Data!$E$2:$E$2000,WeightCal!$B5) -> 1.9720441e+09 | G5: =SUMIFS(Data!AD$2:AD$2000,Data!$E$2:$E$2000,WeightCal!$B5) -> 16949885 | H5: =SUMIFS(Data!AE$2:AE$2000,Data!$E$2:$E$2000,WeightCal!$B5) -> 3.6200856e+08 | I5: =SUMIFS(Data!AF$2:AF$2000,Data!$E$2:$E$2000,WeightCal!$B5) -> 3.4828308e+09 | J5: =SUMIFS(Data!AG$2:AG$2000,Data!$E$2:$E$2000,WeightCal!$B5) -> 5.410628e+09 | K5: =SUMIFS(Data!AH$2:AH$2000,Data!$E$2:$E$2000,WeightCal!$B5) -> 49800401 | L5: =SUMIFS(Data!AI$2:AI$2000,Data!$E$2:$E$2000,WeightCal!$B5) -> 0 | M5: =+D5/$C5 -> 44.954346 | N5: =+E5/$C5 -> 1.6329144 | O5: =+F5/$C5 -> 8.3703503 | P5: =+G5/$C5 -> 0.071943866 | Q5: =+H5/$C5 -> 1.536547 | R5: =+I5/$C5 -> 14.782892 | S5: =+J5/$C5 -> 22.965436 | T5: =+K5/$C5 -> 0.21137804 | U5: =+L5/$C5 -> 0
B6: อ.บางน้ำเปรี้ยว | C6: =SUMIFS(Data!$Y$2:$Y$2000,Data!$E$2:$E$2000,WeightCal!B6) -> 4.967855e+08 | D6: =SUMIFS(Data!AA$2:AA$2000,Data!$E$2:$E$2000,WeightCal!$B6) -> 6.8563189e+09 | E6: =SUMIFS(Data!AB$2:AB$2000,Data!$E$2:$E$2000,WeightCal!$B6) -> 61567490 | F6: =SUMIFS(Data!AC$2:AC$2000,Data!$E$2:$E$2000,WeightCal!$B6) -> 1.4793032e+10 | G6: =SUMIFS(Data!AD$2:AD$2000,Data!$E$2:$E$2000,WeightCal!$B6) -> 3.9370316e+08 | H6: =SUMIFS(Data!AE$2:AE$2000,Data!$E$2:$E$2000,WeightCal!$B6) -> 2.6503505e+08 | I6: =SUMIFS(Data!AF$2:AF$2000,Data!$E$2:$E$2000,WeightCal!$B6) -> 6.5587319e+09 | J6: =SUMIFS(Data!AG$2:AG$2000,Data!$E$2:$E$2000,WeightCal!$B6) -> 3.1048216e+09 | K6: =SUMIFS(Data!AH$2:AH$2000,Data!$E$2:$E$2000,WeightCal!$B6) -> 0 | L6: =SUMIFS(Data!AI$2:AI$2000,Data!$E$2:$E$2000,WeightCal!$B6) -> 0 | M6: =+D6/$C6 -> 13.801367 | N6: =+E6/$C6 -> 0.12393174 | O6: =+F6/$C6 -> 29.777503 | P6: =+G6/$C6 -> 0.79250131 | Q6: =+H6/$C6 -> 0.53349998 | R6: =+I6/$C6 -> 13.202342 | S6: =+J6/$C6 -> 6.2498233 | T6: =+K6/$C6 -> 0 | U6: =+L6/$C6 -> 0
B7: อ.บางปะกง | C7: =SUMIFS(Data!$Y$2:$Y$2000,Data!$E$2:$E$2000,WeightCal!B7) -> 2.6035699e+08 | D7: =SUMIFS(Data!AA$2:AA$2000,Data!$E$2:$E$2000,WeightCal!$B7) -> 1.3108266e+09 | E7: =SUMIFS(Data!AB$2:AB$2000,Data!$E$2:$E$2000,WeightCal!$B7) -> 1.3802798e+09 | F7: =SUMIFS(Data!AC$2:AC$2000,Data!$E$2:$E$2000,WeightCal!$B7) -> 5.0965627e+08 | G7: =SUMIFS(Data!AD$2:AD$2000,Data!$E$2:$E$2000,WeightCal!$B7) -> 2.8042975e+09 | H7: =SUMIFS(Data!AE$2:AE$2000,Data!$E$2:$E$2000,WeightCal!$B7) -> 7.9115991e+08 | I7: =SUMIFS(Data!AF$2:AF$2000,Data!$E$2:$E$2000,WeightCal!$B7) -> 4.8948118e+09 | J7: =SUMIFS(Data!AG$2:AG$2000,Data!$E$2:$E$2000,WeightCal!$B7) -> 2.407787e+09 | K7: =SUMIFS(Data!AH$2:AH$2000,Data!$E$2:$E$2000,WeightCal!$B7) -> 45668354 | L7: =SUMIFS(Data!AI$2:AI$2000,Data!$E$2:$E$2000,WeightCal!$B7) -> 0 | M7: =+D7/$C7 -> 5.034728 | N7: =+E7/$C7 -> 5.3014893 | O7: =+F7/$C7 -> 1.9575286 | P7: =+G7/$C7 -> 10.770971 | Q7: =+H7/$C7 -> 3.0387504 | R7: =+I7/$C7 -> 18.800386 | S7: =+J7/$C7 -> 9.2480215 | T7: =+K7/$C7 -> 0.17540667 | U7: =+L7/$C7 -> 0
B8: อ.บ้านโพธิ์ | C8: =SUMIFS(Data!$Y$2:$Y$2000,Data!$E$2:$E$2000,WeightCal!B8) -> 2.1124006e+08 | D8: =SUMIFS(Data!AA$2:AA$2000,Data!$E$2:$E$2000,WeightCal!$B8) -> 2.742625e+09 | E8: =SUMIFS(Data!AB$2:AB$2000,Data!$E$2:$E$2000,WeightCal!$B8) -> 2.0484891e+08 | F8: =SUMIFS(Data!AC$2:AC$2000,Data!$E$2:$E$2000,WeightCal!$B8) -> 3.5268615e+08 | G8: =SUMIFS(Data!AD$2:AD$2000,Data!$E$2:$E$2000,WeightCal!$B8) -> 9.0961697e+08 | H8: =SUMIFS(Data!AE$2:AE$2000,Data!$E$2:$E$2000,WeightCal!$B8) -> 2.7597615e+08 | I8: =SUMIFS(Data!AF$2:AF$2000,Data!$E$2:$E$2000,WeightCal!$B8) -> 2.2298912e+09 | J8: =SUMIFS(Data!AG$2:AG$2000,Data!$E$2:$E$2000,WeightCal!$B8) -> 3.5812461e+09 | K8: =SUMIFS(Data!AH$2:AH$2000,Data!$E$2:$E$2000,WeightCal!$B8) -> 31609483 | L8: =SUMIFS(Data!AI$2:AI$2000,Data!$E$2:$E$2000,WeightCal!$B8) -> 150134.54 | M8: =+D8/$C8 -> 12.983452 | N8: =+E8/$C8 -> 0.96974465 | O8: =+F8/$C8 -> 1.6695988 | P8: =+G8/$C8 -> 4.3060819 | Q8: =+H8/$C8 -> 1.3064575 | R8: =+I8/$C8 -> 10.556195 | S8: =+J8/$C8 -> 16.953443 | T8: =+K8/$C8 -> 0.14963773 | U8: =+L8/$C8 -> 0.0007107295
B9: อ.แปลงยาว | C9: =SUMIFS(Data!$Y$2:$Y$2000,Data!$E$2:$E$2000,WeightCal!B9) -> 3.2790539e+08 | D9: =SUMIFS(Data!AA$2:AA$2000,Data!$E$2:$E$2000,WeightCal!$B9) -> 1.3071768e+10 | E9: =SUMIFS(Data!AB$2:AB$2000,Data!$E$2:$E$2000,WeightCal!$B9) -> 9.1672446e+08 | F9: =SUMIFS(Data!AC$2:AC$2000,Data!$E$2:$E$2000,WeightCal!$B9) -> 1.9475437e+08 | G9: =SUMIFS(Data!AD$2:AD$2000,Data!$E$2:$E$2000,WeightCal!$B9) -> 7.9680682e+08 | H9: =SUMIFS(Data!AE$2:AE$2000,Data!$E$2:$E$2000,WeightCal!$B9) -> 6.1954337e+08 | I9: =SUMIFS(Data!AF$2:AF$2000,Data!$E$2:$E$2000,WeightCal!$B9) -> 4.3265589e+09 | J9: =SUMIFS(Data!AG$2:AG$2000,Data!$E$2:$E$2000,WeightCal!$B9) -> 6.5766213e+09 | K9: =SUMIFS(Data!AH$2:AH$2000,Data!$E$2:$E$2000,WeightCal!$B9) -> 74719780 | L9: =SUMIFS(Data!AI$2:AI$2000,Data!$E$2:$E$2000,WeightCal!$B9) -> 5335641.1 | M9: =+D9/$C9 -> 39.864449 | N9: =+E9/$C9 -> 2.7956981 | O9: =+F9/$C9 -> 0.59393463 | P9: =+G9/$C9 -> 2.42999 | Q9: =+H9/$C9 -> 1.8893967 | R9: =+I9/$C9 -> 13.194534 | S9: =+J9/$C9 -> 20.05646 | T9: =+K9/$C9 -> 0.22786994 | U9: =+L9/$C9 -> 0.016271892
B10: อ.พนมสารคาม | C10: =SUMIFS(Data!$Y$2:$Y$2000,Data!$E$2:$E$2000,WeightCal!B10) -> 5.1125265e+08 | D10: =SUMIFS(Data!AA$2:AA$2000,Data!$E$2:$E$2000,WeightCal!$B10) -> 8.1162639e+09 | E10: =SUMIFS(Data!AB$2:AB$2000,Data!$E$2:$E$2000,WeightCal!$B10) -> 2.0385709e+09 | F10: =SUMIFS(Data!AC$2:AC$2000,Data!$E$2:$E$2000,WeightCal!$B10) -> 3.4900988e+09 | G10: =SUMIFS(Data!AD$2:AD$2000,Data!$E$2:$E$2000,WeightCal!$B10) -> 2.6764453e+09 | H10: =SUMIFS(Data!AE$2:AE$2000,Data!$E$2:$E$2000,WeightCal!$B10) -> 5.7494504e+08 | I10: =SUMIFS(Data!AF$2:AF$2000,Data!$E$2:$E$2000,WeightCal!$B10) -> 5.7316137e+09 | J10: =SUMIFS(Data!AG$2:AG$2000,Data!$E$2:$E$2000,WeightCal!$B10) -> 4.8287676e+09 | K10: =SUMIFS(Data!AH$2:AH$2000,Data!$E$2:$E$2000,WeightCal!$B10) -> 3.2991419e+09 | L10: =SUMIFS(Data!AI$2:AI$2000,Data!$E$2:$E$2000,WeightCal!$B10) -> 23644648 | M10: =+D10/$C10 -> 15.875251 | N10: =+E10/$C10 -> 3.987404 | O10: =+F10/$C10 -> 6.8265637 | P10: =+G10/$C10 -> 5.2350737 | Q10: =+H10/$C10 -> 1.124581 | R10: =+I10/$C10 -> 11.210922 | S10: =+J10/$C10 -> 9.4449733 | T10: =+K10/$C10 -> 6.4530558 | U10: =+L10/$C10 -> 0.04624846
B11: อ.เมืองฉะเชิงเทรา | C11: =SUMIFS(Data!$Y$2:$Y$2000,Data!$E$2:$E$2000,WeightCal!B11) -> 3.8509365e+08 | D11: =SUMIFS(Data!AA$2:AA$2000,Data!$E$2:$E$2000,WeightCal!$B11) -> 5.8909652e+09 | E11: =SUMIFS(Data!AB$2:AB$2000,Data!$E$2:$E$2000,WeightCal!$B11) -> 3.4696614e+08 | F11: =SUMIFS(Data!AC$2:AC$2000,Data!$E$2:$E$2000,WeightCal!$B11) -> 4.4769342e+09 | G11: =SUMIFS(Data!AD$2:AD$2000,Data!$E$2:$E$2000,WeightCal!$B11) -> 7.1433449e+08 | H11: =SUMIFS(Data!AE$2:AE$2000,Data!$E$2:$E$2000,WeightCal!$B11) -> 6.6563853e+08 | I11: =SUMIFS(Data!AF$2:AF$2000,Data!$E$2:$E$2000,WeightCal!$B11) -> 5.8612666e+09 | J11: =SUMIFS(Data!AG$2:AG$2000,Data!$E$2:$E$2000,WeightCal!$B11) -> 7.387994e+09 | K11: =SUMIFS(Data!AH$2:AH$2000,Data!$E$2:$E$2000,WeightCal!$B11) -> 38971153 | L11: =SUMIFS(Data!AI$2:AI$2000,Data!$E$2:$E$2000,WeightCal!$B11) -> 0 | M11: =+D11/$C11 -> 15.297487 | N11: =+E11/$C11 -> 0.90099159 | O11: =+F11/$C11 -> 11.625573 | P11: =+G11/$C11 -> 1.854963 | Q11: =+H11/$C11 -> 1.7285108 | R11: =+I11/$C11 -> 15.220367 | S11: =+J11/$C11 -> 19.184928 | T11: =+K11/$C11 -> 0.10119916 | U11: =+L11/$C11 -> 0
B12: อ.ราชสาส์น | C12: =SUMIFS(Data!$Y$2:$Y$2000,Data!$E$2:$E$2000,WeightCal!B12) -> 1.4476785e+08 | D12: =SUMIFS(Data!AA$2:AA$2000,Data!$E$2:$E$2000,WeightCal!$B12) -> 4.6175729e+09 | E12: =SUMIFS(Data!AB$2:AB$2000,Data!$E$2:$E$2000,WeightCal!$B12) -> 5.7045864e+08 | F12: =SUMIFS(Data!AC$2:AC$2000,Data!$E$2:$E$2000,WeightCal!$B12) -> 1.4185215e+09 | G12: =SUMIFS(Data!AD$2:AD$2000,Data!$E$2:$E$2000,WeightCal!$B12) -> 7177215.5 | H12: =SUMIFS(Data!AE$2:AE$2000,Data!$E$2:$E$2000,WeightCal!$B12) -> 88829892 | I12: =SUMIFS(Data!AF$2:AF$2000,Data!$E$2:$E$2000,WeightCal!$B12) -> 1.3762774e+09 | J12: =SUMIFS(Data!AG$2:AG$2000,Data!$E$2:$E$2000,WeightCal!$B12) -> 2.6725269e+09 | K12: =SUMIFS(Data!AH$2:AH$2000,Data!$E$2:$E$2000,WeightCal!$B12) -> 62586105 | L12: =SUMIFS(Data!AI$2:AI$2000,Data!$E$2:$E$2000,WeightCal!$B12) -> 354734.82 | M12: =+D12/$C12 -> 31.896397 | N12: =+E12/$C12 -> 3.9405064 | O12: =+F12/$C12 -> 9.798595 | P12: =+G12/$C12 -> 0.049577412 | Q12: =+H12/$C12 -> 0.61360234 | R12: =+I12/$C12 -> 9.506789 | S12: =+J12/$C12 -> 18.460776 | T12: =+K12/$C12 -> 0.43232046 | U12: =+L12/$C12 -> 0.0024503702
B13: อ.สนามชัยเขต | C13: =SUMIFS(Data!$Y$2:$Y$2000,Data!$E$2:$E$2000,WeightCal!B13) -> 1.0670447e+09 | D13: =SUMIFS(Data!AA$2:AA$2000,Data!$E$2:$E$2000,WeightCal!$B13) -> 5.3319295e+09 | E13: =SUMIFS(Data!AB$2:AB$2000,Data!$E$2:$E$2000,WeightCal!$B13) -> 8.4755156e+09 | F13: =SUMIFS(Data!AC$2:AC$2000,Data!$E$2:$E$2000,WeightCal!$B13) -> 1.8099964e+09 | G13: =SUMIFS(Data!AD$2:AD$2000,Data!$E$2:$E$2000,WeightCal!$B13) -> 4.262496e+08 | H13: =SUMIFS(Data!AE$2:AE$2000,Data!$E$2:$E$2000,WeightCal!$B13) -> 9.8828028e+08 | I13: =SUMIFS(Data!AF$2:AF$2000,Data!$E$2:$E$2000,WeightCal!$B13) -> 8.6549021e+09 | J13: =SUMIFS(Data!AG$2:AG$2000,Data!$E$2:$E$2000,WeightCal!$B13) -> 1.5916315e+10 | K13: =SUMIFS(Data!AH$2:AH$2000,Data!$E$2:$E$2000,WeightCal!$B13) -> 6.3273907e+08 | L13: =SUMIFS(Data!AI$2:AI$2000,Data!$E$2:$E$2000,WeightCal!$B13) -> 94657112 | M13: =+D13/$C13 -> 4.9969129 | N13: =+E13/$C13 -> 7.9429809 | O13: =+F13/$C13 -> 1.6962705 | P13: =+G13/$C13 -> 0.39946743 | Q13: =+H13/$C13 -> 0.92618452 | R13: =+I13/$C13 -> 8.1110961 | S13: =+J13/$C13 -> 14.916259 | T13: =+K13/$C13 -> 0.59298272 | U13: =+L13/$C13 -> 0.088709603
A14: จ.ชลบุรี | B14: อ.เกาะจันทร์ | C14: =SUMIFS(Data!$Y$2:$Y$2000,Data!$E$2:$E$2000,WeightCal!B14) -> 2.6920651e+08 | D14: =SUMIFS(Data!AA$2:AA$2000,Data!$E$2:$E$2000,WeightCal!$B14) -> 3.4987933e+09 | E14: =SUMIFS(Data!AB$2:AB$2000,Data!$E$2:$E$2000,WeightCal!$B14) -> 12067107 | F14: =SUMIFS(Data!AC$2:AC$2000,Data!$E$2:$E$2000,WeightCal!$B14) -> 1.99949e+08 | G14: =SUMIFS(Data!AD$2:AD$2000,Data!$E$2:$E$2000,WeightCal!$B14) -> 4.0027333e+08 | H14: =SUMIFS(Data!AE$2:AE$2000,Data!$E$2:$E$2000,WeightCal!$B14) -> 1.8778923e+08 | I14: =SUMIFS(Data!AF$2:AF$2000,Data!$E$2:$E$2000,WeightCal!$B14) -> 3.1440172e+09 | J14: =SUMIFS(Data!AG$2:AG$2000,Data!$E$2:$E$2000,WeightCal!$B14) -> 2.2959935e+09 | K14: =SUMIFS(Data!AH$2:AH$2000,Data!$E$2:$E$2000,WeightCal!$B14) -> 1502547.6 | L14: =SUMIFS(Data!AI$2:AI$2000,Data!$E$2:$E$2000,WeightCal!$B14) -> 0 | M14: =+D14/$C14 -> 12.996689 | N14: =+E14/$C14 -> 0.044824721 | O14: =+F14/$C14 -> 0.74273465 | P14: =+G14/$C14 -> 1.4868635 | Q14: =+H14/$C14 -> 0.6975657 | R14: =+I14/$C14 -> 11.678831 | S14: =+J14/$C14 -> 8.5287444 | T14: =+K14/$C14 -> 0.0055813941 | U14: =+L14/$C14 -> 0
B15: อ.บ่อทอง | C15: =SUMIFS(Data!$Y$2:$Y$2000,Data!$E$2:$E$2000,WeightCal!B15) -> 8.325686e+08 | D15: =SUMIFS(Data!AA$2:AA$2000,Data!$E$2:$E$2000,WeightCal!$B15) -> 2.0115586e+09 | E15: =SUMIFS(Data!AB$2:AB$2000,Data!$E$2:$E$2000,WeightCal!$B15) -> 2.5161269e+08 | F15: =SUMIFS(Data!AC$2:AC$2000,Data!$E$2:$E$2000,WeightCal!$B15) -> 1.3996676e+09 | G15: =SUMIFS(Data!AD$2:AD$2000,Data!$E$2:$E$2000,WeightCal!$B15) -> 2.7081909e+09 | H15: =SUMIFS(Data!AE$2:AE$2000,Data!$E$2:$E$2000,WeightCal!$B15) -> 4.8447367e+09 | I15: =SUMIFS(Data!AF$2:AF$2000,Data!$E$2:$E$2000,WeightCal!$B15) -> 1.826222e+10 | J15: =SUMIFS(Data!AG$2:AG$2000,Data!$E$2:$E$2000,WeightCal!$B15) -> 9.0823201e+09 | K15: =SUMIFS(Data!AH$2:AH$2000,Data!$E$2:$E$2000,WeightCal!$B15) -> 3.2939866e+09 | L15: =SUMIFS(Data!AI$2:AI$2000,Data!$E$2:$E$2000,WeightCal!$B15) -> 66472935 | M15: =+D15/$C15 -> 2.4160875 | N15: =+E15/$C15 -> 0.30221256 | O15: =+F15/$C15 -> 1.6811438 | P15: =+G15/$C15 -> 3.2528141 | Q15: =+H15/$C15 -> 5.819024 | R15: =+I15/$C15 -> 21.934793 | S15: =+J15/$C15 -> 10.908795 | T15: =+K15/$C15 -> 3.9564146 | U15: =+L15/$C15 -> 0.07984079
B16: อ.บางละมุง | C16: =SUMIFS(Data!$Y$2:$Y$2000,Data!$E$2:$E$2000,WeightCal!B16) -> 5.3621023e+08 | D16: =SUMIFS(Data!AA$2:AA$2000,Data!$E$2:$E$2000,WeightCal!$B16) -> 4.0401035e+08 | E16: =SUMIFS(Data!AB$2:AB$2000,Data!$E$2:$E$2000,WeightCal!$B16) -> 1.5353011e+09 | F16: =SUMIFS(Data!AC$2:AC$2000,Data!$E$2:$E$2000,WeightCal!$B16) -> 1.0391161e+09 | G16: =SUMIFS(Data!AD$2:AD$2000,Data!$E$2:$E$2000,WeightCal!$B16) -> 1.205804e+08 | H16: =SUMIFS(Data!AE$2:AE$2000,Data!$E$2:$E$2000,WeightCal!$B16) -> 1.8902197e+09 | I16: =SUMIFS(Data!AF$2:AF$2000,Data!$E$2:$E$2000,WeightCal!$B16) -> 1.4630834e+10 | J16: =SUMIFS(Data!AG$2:AG$2000,Data!$E$2:$E$2000,WeightCal!$B16) -> 4.6278116e+09 | K16: =SUMIFS(Data!AH$2:AH$2000,Data!$E$2:$E$2000,WeightCal!$B16) -> 1.3659775e+10 | L16: =SUMIFS(Data!AI$2:AI$2000,Data!$E$2:$E$2000,WeightCal!$B16) -> 1.8746728e+09 | M16: =+D16/$C16 -> 0.75345514 | N16: =+E16/$C16 -> 2.8632447 | O16: =+F16/$C16 -> 1.9378894 | P16: =+G16/$C16 -> 0.22487523 | Q16: =+H16/$C16 -> 3.5251466 | R16: =+I16/$C16 -> 27.28563 | S16: =+J16/$C16 -> 8.6305919 | T16: =+K16/$C16 -> 25.474663 | U16: =+L16/$C16 -> 3.4961527
B17: อ.บ้านบึง | C17: =SUMIFS(Data!$Y$2:$Y$2000,Data!$E$2:$E$2000,WeightCal!B17) -> 5.9341059e+08 | D17: =SUMIFS(Data!AA$2:AA$2000,Data!$E$2:$E$2000,WeightCal!$B17) -> 5.0135492e+08 | E17: =SUMIFS(Data!AB$2:AB$2000,Data!$E$2:$E$2000,WeightCal!$B17) -> 3.6529673e+09 | F17: =SUMIFS(Data!AC$2:AC$2000,Data!$E$2:$E$2000,WeightCal!$B17) -> 4.2843461e+09 | G17: =SUMIFS(Data!AD$2:AD$2000,Data!$E$2:$E$2000,WeightCal!$B17) -> 4.0026558e+09 | H17: =SUMIFS(Data!AE$2:AE$2000,Data!$E$2:$E$2000,WeightCal!$B17) -> 1.6225642e+08 | I17: =SUMIFS(Data!AF$2:AF$2000,Data!$E$2:$E$2000,WeightCal!$B17) -> 3.2621552e+10 | J17: =SUMIFS(Data!AG$2:AG$2000,Data!$E$2:$E$2000,WeightCal!$B17) -> 2.5560174e+09 | K17: =SUMIFS(Data!AH$2:AH$2000,Data!$E$2:$E$2000,WeightCal!$B17) -> 9.3112517e+08 | L17: =SUMIFS(Data!AI$2:AI$2000,Data!$E$2:$E$2000,WeightCal!$B17) -> 0 | M17: =+D17/$C17 -> 0.8448702 | N17: =+E17/$C17 -> 6.1558849 | O17: =+F17/$C17 -> 7.219868 | P17: =+G17/$C17 -> 6.7451709 | Q17: =+H17/$C17 -> 0.27343027 | R17: =+I17/$C17 -> 54.972986 | S17: =+J17/$C17 -> 4.3073337 | T17: =+K17/$C17 -> 1.5691078 | U17: =+L17/$C17 -> 0
B18: อ.พนัสนิคม | C18: =SUMIFS(Data!$Y$2:$Y$2000,Data!$E$2:$E$2000,WeightCal!B18) -> 4.7966736e+08 | D18: =SUMIFS(Data!AA$2:AA$2000,Data!$E$2:$E$2000,WeightCal!$B18) -> 4.0029469e+09 | E18: =SUMIFS(Data!AB$2:AB$2000,Data!$E$2:$E$2000,WeightCal!$B18) -> 1.9013548e+09 | F18: =SUMIFS(Data!AC$2:AC$2000,Data!$E$2:$E$2000,WeightCal!$B18) -> 1.0152427e+09 | G18: =SUMIFS(Data!AD$2:AD$2000,Data!$E$2:$E$2000,WeightCal!$B18) -> 4.4110631e+09 | H18: =SUMIFS(Data!AE$2:AE$2000,Data!$E$2:$E$2000,WeightCal!$B18) -> 2.9799935e+08 | I18: =SUMIFS(Data!AF$2:AF$2000,Data!$E$2:$E$2000,WeightCal!$B18) -> 9.2223505e+09 | J18: =SUMIFS(Data!AG$2:AG$2000,Data!$E$2:$E$2000,WeightCal!$B18) -> 1.7521694e+09 | K18: =SUMIFS(Data!AH$2:AH$2000,Data!$E$2:$E$2000,WeightCal!$B18) -> 3208376.5 | L18: =SUMIFS(Data!AI$2:AI$2000,Data!$E$2:$E$2000,WeightCal!$B18) -> 39987.975 | M18: =+D18/$C18 -> 8.3452559 | N18: =+E18/$C18 -> 3.9639028 | O18: =+F18/$C18 -> 2.1165558 | P18: =+G18/$C18 -> 9.1960875 | Q18: =+H18/$C18 -> 0.6212625 | R18: =+I18/$C18 -> 19.226554 | S18: =+J18/$C18 -> 3.6528844 | T18: =+K18/$C18 -> 0.0066887529 | U18: =+L18/$C18 -> 8.3366053e-05
B19: อ.พานทอง | C19: =SUMIFS(Data!$Y$2:$Y$2000,Data!$E$2:$E$2000,WeightCal!B19) -> 1.6774727e+08 | D19: =SUMIFS(Data!AA$2:AA$2000,Data!$E$2:$E$2000,WeightCal!$B19) -> 3.4982095e+08 | E19: =SUMIFS(Data!AB$2:AB$2000,Data!$E$2:$E$2000,WeightCal!$B19) -> 4.7098422e+09 | F19: =SUMIFS(Data!AC$2:AC$2000,Data!$E$2:$E$2000,WeightCal!$B19) -> 1.7748163e+09 | G19: =SUMIFS(Data!AD$2:AD$2000,Data!$E$2:$E$2000,WeightCal!$B19) -> 5.3080756e+08 | H19: =SUMIFS(Data!AE$2:AE$2000,Data!$E$2:$E$2000,WeightCal!$B19) -> 44124480 | I19: =SUMIFS(Data!AF$2:AF$2000,Data!$E$2:$E$2000,WeightCal!$B19) -> 8.9901803e+09 | J19: =SUMIFS(Data!AG$2:AG$2000,Data!$E$2:$E$2000,WeightCal!$B19) -> 3.9447711e+08 | K19: =SUMIFS(Data!AH$2:AH$2000,Data!$E$2:$E$2000,WeightCal!$B19) -> 38123.982 | L19: =SUMIFS(Data!AI$2:AI$2000,Data!$E$2:$E$2000,WeightCal!$B19) -> 0 | M19: =+D19/$C19 -> 2.0854047 | N19: =+E19/$C19 -> 28.077012 | O19: =+F19/$C19 -> 10.580299 | P19: =+G19/$C19 -> 3.164329 | Q19: =+H19/$C19 -> 0.26304141 | R19: =+I19/$C19 -> 53.5936 | S19: =+J19/$C19 -> 2.3516156 | T19: =+K19/$C19 -> 0.00022727035 | U19: =+L19/$C19 -> 0
B20: อ.เมืองชลบุรี | C20: =SUMIFS(Data!$Y$2:$Y$2000,Data!$E$2:$E$2000,WeightCal!B20) -> 2.5567368e+08 | D20: =SUMIFS(Data!AA$2:AA$2000,Data!$E$2:$E$2000,WeightCal!$B20) -> 3.9423846e+08 | E20: =SUMIFS(Data!AB$2:AB$2000,Data!$E$2:$E$2000,WeightCal!$B20) -> 3.5936384e+09 | F20: =SUMIFS(Data!AC$2:AC$2000,Data!$E$2:$E$2000,WeightCal!$B20) -> 1.5381855e+09 | G20: =SUMIFS(Data!AD$2:AD$2000,Data!$E$2:$E$2000,WeightCal!$B20) -> 7.2457754e+08 | H20: =SUMIFS(Data!AE$2:AE$2000,Data!$E$2:$E$2000,WeightCal!$B20) -> 2.9694574e+08 | I20: =SUMIFS(Data!AF$2:AF$2000,Data!$E$2:$E$2000,WeightCal!$B20) -> 9.1022117e+09 | J20: =SUMIFS(Data!AG$2:AG$2000,Data!$E$2:$E$2000,WeightCal!$B20) -> 1.0027192e+09 | K20: =SUMIFS(Data!AH$2:AH$2000,Data!$E$2:$E$2000,WeightCal!$B20) -> 94951063 | L20: =SUMIFS(Data!AI$2:AI$2000,Data!$E$2:$E$2000,WeightCal!$B20) -> 3991003.9 | M20: =+D20/$C20 -> 1.5419595 | N20: =+E20/$C20 -> 14.055567 | O20: =+F20/$C20 -> 6.016206 | P20: =+G20/$C20 -> 2.8339935 | Q20: =+H20/$C20 -> 1.1614248 | R20: =+I20/$C20 -> 35.600895 | S20: =+J20/$C20 -> 3.9218711 | T20: =+K20/$C20 -> 0.37137598 | U20: =+L20/$C20 -> 0.015609757
B21: อ.ศรีราชา | C21: =SUMIFS(Data!$Y$2:$Y$2000,Data!$E$2:$E$2000,WeightCal!B21) -> 6.2371544e+08 | D21: =SUMIFS(Data!AA$2:AA$2000,Data!$E$2:$E$2000,WeightCal!$B21) -> 1.6099859e+09 | E21: =SUMIFS(Data!AB$2:AB$2000,Data!$E$2:$E$2000,WeightCal!$B21) -> 1.2907275e+09 | F21: =SUMIFS(Data!AC$2:AC$2000,Data!$E$2:$E$2000,WeightCal!$B21) -> 5.8898247e+09 | G21: =SUMIFS(Data!AD$2:AD$2000,Data!$E$2:$E$2000,WeightCal!$B21) -> 2.1884199e+09 | H21: =SUMIFS(Data!AE$2:AE$2000,Data!$E$2:$E$2000,WeightCal!$B21) -> 2.9734963e+08 | I21: =SUMIFS(Data!AF$2:AF$2000,Data!$E$2:$E$2000,WeightCal!$B21) -> 2.8326283e+10 | J21: =SUMIFS(Data!AG$2:AG$2000,Data!$E$2:$E$2000,WeightCal!$B21) -> 2.5287105e+09 | K21: =SUMIFS(Data!AH$2:AH$2000,Data!$E$2:$E$2000,WeightCal!$B21) -> 3.8554259e+09 | L21: =SUMIFS(Data!AI$2:AI$2000,Data!$E$2:$E$2000,WeightCal!$B21) -> 1.1307139e+08 | M21: =+D21/$C21 -> 2.5812828 | N21: =+E21/$C21 -> 2.0694172 | O21: =+F21/$C21 -> 9.4431278 | P21: =+G21/$C21 -> 3.5086832 | Q21: =+H21/$C21 -> 0.47673925 | R21: =+I21/$C21 -> 45.415394 | S21: =+J21/$C21 -> 4.0542695 | T21: =+K21/$C21 -> 6.181386 | U21: =+L21/$C21 -> 0.18128682
B22: อ.สัตหีบ | C22: =SUMIFS(Data!$Y$2:$Y$2000,Data!$E$2:$E$2000,WeightCal!B22) -> 2.8712297e+08 | D22: =SUMIFS(Data!AA$2:AA$2000,Data!$E$2:$E$2000,WeightCal!$B22) -> 4.8132414e+08 | E22: =SUMIFS(Data!AB$2:AB$2000,Data!$E$2:$E$2000,WeightCal!$B22) -> 4.8159927e+08 | F22: =SUMIFS(Data!AC$2:AC$2000,Data!$E$2:$E$2000,WeightCal!$B22) -> 1.8605544e+08 | G22: =SUMIFS(Data!AD$2:AD$2000,Data!$E$2:$E$2000,WeightCal!$B22) -> 2.9190504e+08 | H22: =SUMIFS(Data!AE$2:AE$2000,Data!$E$2:$E$2000,WeightCal!$B22) -> 4.9919759e+08 | I22: =SUMIFS(Data!AF$2:AF$2000,Data!$E$2:$E$2000,WeightCal!$B22) -> 6.6201045e+09 | J22: =SUMIFS(Data!AG$2:AG$2000,Data!$E$2:$E$2000,WeightCal!$B22) -> 3.158891e+09 | K22: =SUMIFS(Data!AH$2:AH$2000,Data!$E$2:$E$2000,WeightCal!$B22) -> 2.3776123e+09 | L22: =SUMIFS(Data!AI$2:AI$2000,Data!$E$2:$E$2000,WeightCal!$B22) -> 1.8815744e+09 | M22: =+D22/$C22 -> 1.6763694 | N22: =+E22/$C22 -> 1.6773276 | O22: =+F22/$C22 -> 0.64799917 | P22: =+G22/$C22 -> 1.0166552 | Q22: =+H22/$C22 -> 1.7386195 | R22: =+I22/$C22 -> 23.056687 | S22: =+J22/$C22 -> 11.001875 | T22: =+K22/$C22 -> 8.2808154 | U22: =+L22/$C22 -> 6.5532007
B23: อ.หนองใหญ่ | C23: =SUMIFS(Data!$Y$2:$Y$2000,Data!$E$2:$E$2000,WeightCal!B23) -> 4.5600546e+08 | D23: =SUMIFS(Data!AA$2:AA$2000,Data!$E$2:$E$2000,WeightCal!$B23) -> 4.462035e+08 | E23: =SUMIFS(Data!AB$2:AB$2000,Data!$E$2:$E$2000,WeightCal!$B23) -> 6.431762e+08 | F23: =SUMIFS(Data!AC$2:AC$2000,Data!$E$2:$E$2000,WeightCal!$B23) -> 3.8364388e+08 | G23: =SUMIFS(Data!AD$2:AD$2000,Data!$E$2:$E$2000,WeightCal!$B23) -> 6.7683076e+08 | H23: =SUMIFS(Data!AE$2:AE$2000,Data!$E$2:$E$2000,WeightCal!$B23) -> 2.7663745e+09 | I23: =SUMIFS(Data!AF$2:AF$2000,Data!$E$2:$E$2000,WeightCal!$B23) -> 1.2381638e+10 | J23: =SUMIFS(Data!AG$2:AG$2000,Data!$E$2:$E$2000,WeightCal!$B23) -> 2.8085182e+09 | K23: =SUMIFS(Data!AH$2:AH$2000,Data!$E$2:$E$2000,WeightCal!$B23) -> 2.8068742e+09 | L23: =SUMIFS(Data!AI$2:AI$2000,Data!$E$2:$E$2000,WeightCal!$B23) -> 28652665 | M23: =+D23/$C23 -> 0.97850473 | N23: =+E23/$C23 -> 1.4104572 | O23: =+F23/$C23 -> 0.84131422 | P23: =+G23/$C23 -> 1.4842602 | Q23: =+H23/$C23 -> 6.0665381 | R23: =+I23/$C23 -> 27.15239 | S23: =+J23/$C23 -> 6.1589574 | T23: =+K23/$C23 -> 6.1553522 | U23: =+L23/$C23 -> 0.062834039
A24: จ.ระยอง | B24: อ.แกลง | C24: =SUMIFS(Data!$Y$2:$Y$2000,Data!$E$2:$E$2000,WeightCal!B24) -> 7.357859e+08 | D24: =SUMIFS(Data!AA$2:AA$2000,Data!$E$2:$E$2000,WeightCal!$B24) -> 1.2792614e+09 | E24: =SUMIFS(Data!AB$2:AB$2000,Data!$E$2:$E$2000,WeightCal!$B24) -> 81727326 | F24: =SUMIFS(Data!AC$2:AC$2000,Data!$E$2:$E$2000,WeightCal!$B24) -> 1.3201095e+09 | G24: =SUMIFS(Data!AD$2:AD$2000,Data!$E$2:$E$2000,WeightCal!$B24) -> 8.1486559e+09 | H24: =SUMIFS(Data!AE$2:AE$2000,Data!$E$2:$E$2000,WeightCal!$B24) -> 1.2565594e+09 | I24: =SUMIFS(Data!AF$2:AF$2000,Data!$E$2:$E$2000,WeightCal!$B24) -> 7.314987e+09 | J24: =SUMIFS(Data!AG$2:AG$2000,Data!$E$2:$E$2000,WeightCal!$B24) -> 7.0293465e+09 | K24: =SUMIFS(Data!AH$2:AH$2000,Data!$E$2:$E$2000,WeightCal!$B24) -> 1.3544837e+10 | L24: =SUMIFS(Data!AI$2:AI$2000,Data!$E$2:$E$2000,WeightCal!$B24) -> 3.9488972e+09 | M24: =+D24/$C24 -> 1.7386327 | N24: =+E24/$C24 -> 0.11107487 | O24: =+F24/$C24 -> 1.7941489 | P24: =+G24/$C24 -> 11.074765 | Q24: =+H24/$C24 -> 1.7077785 | R24: =+I24/$C24 -> 9.941733 | S24: =+J24/$C24 -> 9.5535216 | T24: =+K24/$C24 -> 18.408666 | U24: =+L24/$C24 -> 5.3669106
B25: อ.เขาชะเมา | C25: =SUMIFS(Data!$Y$2:$Y$2000,Data!$E$2:$E$2000,WeightCal!B25) -> 4.770012e+08 | D25: =SUMIFS(Data!AA$2:AA$2000,Data!$E$2:$E$2000,WeightCal!$B25) -> 6.7067438e+09 | E25: =SUMIFS(Data!AB$2:AB$2000,Data!$E$2:$E$2000,WeightCal!$B25) -> 35042046 | F25: =SUMIFS(Data!AC$2:AC$2000,Data!$E$2:$E$2000,WeightCal!$B25) -> 1.2203778e+08 | G25: =SUMIFS(Data!AD$2:AD$2000,Data!$E$2:$E$2000,WeightCal!$B25) -> 1.75225e+09 | H25: =SUMIFS(Data!AE$2:AE$2000,Data!$E$2:$E$2000,WeightCal!$B25) -> 9.3531127e+09 | I25: =SUMIFS(Data!AF$2:AF$2000,Data!$E$2:$E$2000,WeightCal!$B25) -> 3.4341947e+09 | J25: =SUMIFS(Data!AG$2:AG$2000,Data!$E$2:$E$2000,WeightCal!$B25) -> 5.0899432e+09 | K25: =SUMIFS(Data!AH$2:AH$2000,Data!$E$2:$E$2000,WeightCal!$B25) -> 1.8623786e+09 | L25: =SUMIFS(Data!AI$2:AI$2000,Data!$E$2:$E$2000,WeightCal!$B25) -> 1.0997568e+08 | M25: =+D25/$C25 -> 14.060224 | N25: =+E25/$C25 -> 0.073463224 | O25: =+F25/$C25 -> 0.25584376 | P25: =+G25/$C25 -> 3.673471 | Q25: =+H25/$C25 -> 19.608153 | R25: =+I25/$C25 -> 7.1995515 | S25: =+J25/$C25 -> 10.670714 | T25: =+K25/$C25 -> 3.9043478 | U25: =+L25/$C25 -> 0.23055639
B26: อ.นิคมพัฒนา | C26: =SUMIFS(Data!$Y$2:$Y$2000,Data!$E$2:$E$2000,WeightCal!B26) -> 2.3601782e+08 | D26: =SUMIFS(Data!AA$2:AA$2000,Data!$E$2:$E$2000,WeightCal!$B26) -> 8282468.5 | E26: =SUMIFS(Data!AB$2:AB$2000,Data!$E$2:$E$2000,WeightCal!$B26) -> 68002257 | F26: =SUMIFS(Data!AC$2:AC$2000,Data!$E$2:$E$2000,WeightCal!$B26) -> 49558161 | G26: =SUMIFS(Data!AD$2:AD$2000,Data!$E$2:$E$2000,WeightCal!$B26) -> 2.1274225e+08 | H26: =SUMIFS(Data!AE$2:AE$2000,Data!$E$2:$E$2000,WeightCal!$B26) -> 3.9060228e+09 | I26: =SUMIFS(Data!AF$2:AF$2000,Data!$E$2:$E$2000,WeightCal!$B26) -> 5.9234791e+09 | J26: =SUMIFS(Data!AG$2:AG$2000,Data!$E$2:$E$2000,WeightCal!$B26) -> 4.9833073e+09 | K26: =SUMIFS(Data!AH$2:AH$2000,Data!$E$2:$E$2000,WeightCal!$B26) -> 4.3252567e+09 | L26: =SUMIFS(Data!AI$2:AI$2000,Data!$E$2:$E$2000,WeightCal!$B26) -> 5.4502326e+08 | M26: =+D26/$C26 -> 0.035092555 | N26: =+E26/$C26 -> 0.2881234 | O26: =+F26/$C26 -> 0.20997635 | P26: =+G26/$C26 -> 0.90138214 | Q26: =+H26/$C26 -> 16.549694 | R26: =+I26/$C26 -> 25.097592 | S26: =+J26/$C26 -> 21.114114 | T26: =+K26/$C26 -> 18.325975 | U26: =+L26/$C26 -> 2.3092462
B27: อ.บ้านค่าย | C27: =SUMIFS(Data!$Y$2:$Y$2000,Data!$E$2:$E$2000,WeightCal!B27) -> 4.7492852e+08 | D27: =SUMIFS(Data!AA$2:AA$2000,Data!$E$2:$E$2000,WeightCal!$B27) -> 3.4010103e+09 | E27: =SUMIFS(Data!AB$2:AB$2000,Data!$E$2:$E$2000,WeightCal!$B27) -> 2.2354316e+09 | F27: =SUMIFS(Data!AC$2:AC$2000,Data!$E$2:$E$2000,WeightCal!$B27) -> 1.3363525e+09 | G27: =SUMIFS(Data!AD$2:AD$2000,Data!$E$2:$E$2000,WeightCal!$B27) -> 2.1178654e+09 | H27: =SUMIFS(Data!AE$2:AE$2000,Data!$E$2:$E$2000,WeightCal!$B27) -> 3.7830132e+09 | I27: =SUMIFS(Data!AF$2:AF$2000,Data!$E$2:$E$2000,WeightCal!$B27) -> 9.2197242e+09 | J27: =SUMIFS(Data!AG$2:AG$2000,Data!$E$2:$E$2000,WeightCal!$B27) -> 5.7637127e+09 | K27: =SUMIFS(Data!AH$2:AH$2000,Data!$E$2:$E$2000,WeightCal!$B27) -> 1.0444805e+10 | L27: =SUMIFS(Data!AI$2:AI$2000,Data!$E$2:$E$2000,WeightCal!$B27) -> 1.3230434e+09 | M27: =+D27/$C27 -> 7.1610993 | N27: =+E27/$C27 -> 4.7068802 | O27: =+F27/$C27 -> 2.8137971 | P27: =+G27/$C27 -> 4.459335 | Q27: =+H27/$C27 -> 7.9654371 | R27: =+I27/$C27 -> 19.412867 | S27: =+J27/$C27 -> 12.135958 | T27: =+K27/$C27 -> 21.992373 | U27: =+L27/$C27 -> 2.7857737
B28: อ.บ้านฉาง | C28: =SUMIFS(Data!$Y$2:$Y$2000,Data!$E$2:$E$2000,WeightCal!B28) -> 1.6325243e+08 | D28: =SUMIFS(Data!AA$2:AA$2000,Data!$E$2:$E$2000,WeightCal!$B28) -> 28225583 | E28: =SUMIFS(Data!AB$2:AB$2000,Data!$E$2:$E$2000,WeightCal!$B28) -> 5.9337894e+08 | F28: =SUMIFS(Data!AC$2:AC$2000,Data!$E$2:$E$2000,WeightCal!$B28) -> 19103918 | G28: =SUMIFS(Data!AD$2:AD$2000,Data!$E$2:$E$2000,WeightCal!$B28) -> 2.3101186e+08 | H28: =SUMIFS(Data!AE$2:AE$2000,Data!$E$2:$E$2000,WeightCal!$B28) -> 1.1588033e+09 | I28: =SUMIFS(Data!AF$2:AF$2000,Data!$E$2:$E$2000,WeightCal!$B28) -> 4.9622456e+09 | J28: =SUMIFS(Data!AG$2:AG$2000,Data!$E$2:$E$2000,WeightCal!$B28) -> 1.5235269e+09 | K28: =SUMIFS(Data!AH$2:AH$2000,Data!$E$2:$E$2000,WeightCal!$B28) -> 2.8936964e+09 | L28: =SUMIFS(Data!AI$2:AI$2000,Data!$E$2:$E$2000,WeightCal!$B28) -> 8.1374078e+08 | M28: =+D28/$C28 -> 0.17289533 | N28: =+E28/$C28 -> 3.6347327 | O28: =+F28/$C28 -> 0.11702073 | P28: =+G28/$C28 -> 1.4150592 | Q28: =+H28/$C28 -> 7.0982301 | R28: =+I28/$C28 -> 30.396151 | S28: =+J28/$C28 -> 9.3323381 | T28: =+K28/$C28 -> 17.725288 | U28: =+L28/$C28 -> 4.9845554
B29: อ.ปลวกแดง | C29: =SUMIFS(Data!$Y$2:$Y$2000,Data!$E$2:$E$2000,WeightCal!B29) -> 5.3099899e+08 | D29: =SUMIFS(Data!AA$2:AA$2000,Data!$E$2:$E$2000,WeightCal!$B29) -> 2.0885709e+09 | E29: =SUMIFS(Data!AB$2:AB$2000,Data!$E$2:$E$2000,WeightCal!$B29) -> 7.3140353e+08 | F29: =SUMIFS(Data!AC$2:AC$2000,Data!$E$2:$E$2000,WeightCal!$B29) -> 1.8995647e+08 | G29: =SUMIFS(Data!AD$2:AD$2000,Data!$E$2:$E$2000,WeightCal!$B29) -> 4.5635955e+08 | H29: =SUMIFS(Data!AE$2:AE$2000,Data!$E$2:$E$2000,WeightCal!$B29) -> 4.3795886e+09 | I29: =SUMIFS(Data!AF$2:AF$2000,Data!$E$2:$E$2000,WeightCal!$B29) -> 2.5488211e+10 | J29: =SUMIFS(Data!AG$2:AG$2000,Data!$E$2:$E$2000,WeightCal!$B29) -> 6.0215911e+09 | K29: =SUMIFS(Data!AH$2:AH$2000,Data!$E$2:$E$2000,WeightCal!$B29) -> 6.3197658e+09 | L29: =SUMIFS(Data!AI$2:AI$2000,Data!$E$2:$E$2000,WeightCal!$B29) -> 3.9501126e+08 | M29: =+D29/$C29 -> 3.933286 | N29: =+E29/$C29 -> 1.3774104 | O29: =+F29/$C29 -> 0.35773414 | P29: =+G29/$C29 -> 0.8594358 | Q29: =+H29/$C29 -> 8.2478284 | R29: =+I29/$C29 -> 48.000489 | S29: =+J29/$C29 -> 11.340118 | T29: =+K29/$C29 -> 11.901653 | U29: =+L29/$C29 -> 0.7439021
B30: อ.เมืองระยอง | C30: =SUMIFS(Data!$Y$2:$Y$2000,Data!$E$2:$E$2000,WeightCal!B30) -> 6.7402919e+08 | D30: =SUMIFS(Data!AA$2:AA$2000,Data!$E$2:$E$2000,WeightCal!$B30) -> 2.748406e+08 | E30: =SUMIFS(Data!AB$2:AB$2000,Data!$E$2:$E$2000,WeightCal!$B30) -> 9.0854386e+08 | F30: =SUMIFS(Data!AC$2:AC$2000,Data!$E$2:$E$2000,WeightCal!$B30) -> 2.9901234e+08 | G30: =SUMIFS(Data!AD$2:AD$2000,Data!$E$2:$E$2000,WeightCal!$B30) -> 3.0362703e+09 | H30: =SUMIFS(Data!AE$2:AE$2000,Data!$E$2:$E$2000,WeightCal!$B30) -> 1.4972565e+10 | I30: =SUMIFS(Data!AF$2:AF$2000,Data!$E$2:$E$2000,WeightCal!$B30) -> 9.5353291e+09 | J30: =SUMIFS(Data!AG$2:AG$2000,Data!$E$2:$E$2000,WeightCal!$B30) -> 9.2213699e+09 | K30: =SUMIFS(Data!AH$2:AH$2000,Data!$E$2:$E$2000,WeightCal!$B30) -> 2.367874e+10 | L30: =SUMIFS(Data!AI$2:AI$2000,Data!$E$2:$E$2000,WeightCal!$B30) -> 9.5772295e+09 | M30: =+D30/$C30 -> 0.40775771 | N30: =+E30/$C30 -> 1.3479295 | O30: =+F30/$C30 -> 0.44361927 | P30: =+G30/$C30 -> 4.504657 | Q30: =+H30/$C30 -> 22.213526 | R30: =+I30/$C30 -> 14.14676 | S30: =+J30/$C30 -> 13.680965 | T30: =+K30/$C30 -> 35.13014 | U30: =+L30/$C30 -> 14.208924
B31: อ.วังจันทร์ | C31: =SUMIFS(Data!$Y$2:$Y$2000,Data!$E$2:$E$2000,WeightCal!B31) -> 3.7327439e+08 | D31: =SUMIFS(Data!AA$2:AA$2000,Data!$E$2:$E$2000,WeightCal!$B31) -> 2.2055851e+09 | E31: =SUMIFS(Data!AB$2:AB$2000,Data!$E$2:$E$2000,WeightCal!$B31) -> 60199019 | F31: =SUMIFS(Data!AC$2:AC$2000,Data!$E$2:$E$2000,WeightCal!$B31) -> 5.9119277e+08 | G31: =SUMIFS(Data!AD$2:AD$2000,Data!$E$2:$E$2000,WeightCal!$B31) -> 1.9507887e+09 | H31: =SUMIFS(Data!AE$2:AE$2000,Data!$E$2:$E$2000,WeightCal!$B31) -> 4.0399883e+09 | I31: =SUMIFS(Data!AF$2:AF$2000,Data!$E$2:$E$2000,WeightCal!$B31) -> 2.3301737e+09 | J31: =SUMIFS(Data!AG$2:AG$2000,Data!$E$2:$E$2000,WeightCal!$B31) -> 6.5628764e+09 | K31: =SUMIFS(Data!AH$2:AH$2000,Data!$E$2:$E$2000,WeightCal!$B31) -> 1.8601813e+09 | L31: =SUMIFS(Data!AI$2:AI$2000,Data!$E$2:$E$2000,WeightCal!$B31) -> 1.4507909e+08 | M31: =+D31/$C31 -> 5.9087501 | N31: =+E31/$C31 -> 0.16127284 | O31: =+F31/$C31 -> 1.5838021 | P31: =+G31/$C31 -> 5.2261521 | Q31: =+H31/$C31 -> 10.823106 | R31: =+I31/$C31 -> 6.2425223 | S31: =+J31/$C31 -> 17.581909 | T31: =+K31/$C31 -> 4.9834152 | U31: =+L31/$C31 -> 0.38866607
A32: จ.จันทบุรี | B32: อ.แก่งหางแมว | C32: =SUMIFS(Data!$Y$2:$Y$2000,Data!$E$2:$E$2000,WeightCal!B32) -> 1.2170897e+09 | D32: =SUMIFS(Data!AA$2:AA$2000,Data!$E$2:$E$2000,WeightCal!$B32) -> 2.4472078e+10 | E32: =SUMIFS(Data!AB$2:AB$2000,Data!$E$2:$E$2000,WeightCal!$B32) -> 3.3138118e+08 | F32: =SUMIFS(Data!AC$2:AC$2000,Data!$E$2:$E$2000,WeightCal!$B32) -> 9.8243835e+08 | G32: =SUMIFS(Data!AD$2:AD$2000,Data!$E$2:$E$2000,WeightCal!$B32) -> 3.2003874e+09 | H32: =SUMIFS(Data!AE$2:AE$2000,Data!$E$2:$E$2000,WeightCal!$B32) -> 3.1194464e+10 | I32: =SUMIFS(Data!AF$2:AF$2000,Data!$E$2:$E$2000,WeightCal!$B32) -> 1.6906497e+10 | J32: =SUMIFS(Data!AG$2:AG$2000,Data!$E$2:$E$2000,WeightCal!$B32) -> 1.4555759e+10 | K32: =SUMIFS(Data!AH$2:AH$2000,Data!$E$2:$E$2000,WeightCal!$B32) -> 2.8899234e+09 | L32: =SUMIFS(Data!AI$2:AI$2000,Data!$E$2:$E$2000,WeightCal!$B32) -> 7.2120174e+08 | M32: =+D32/$C32 -> 20.107045 | N32: =+E32/$C32 -> 0.27227341 | O32: =+F32/$C32 -> 0.80720288 | P32: =+G32/$C32 -> 2.629541 | Q32: =+H32/$C32 -> 25.630373 | R32: =+I32/$C32 -> 13.89092 | S32: =+J32/$C32 -> 11.959479 | T32: =+K32/$C32 -> 2.3744538 | U32: =+L32/$C32 -> 0.5925625
B33: อ.ขลุง | C33: =SUMIFS(Data!$Y$2:$Y$2000,Data!$E$2:$E$2000,WeightCal!B33) -> 7.8444901e+08 | D33: =SUMIFS(Data!AA$2:AA$2000,Data!$E$2:$E$2000,WeightCal!$B33) -> 5.7597714e+09 | E33: =SUMIFS(Data!AB$2:AB$2000,Data!$E$2:$E$2000,WeightCal!$B33) -> 1.0124783e+08 | F33: =SUMIFS(Data!AC$2:AC$2000,Data!$E$2:$E$2000,WeightCal!$B33) -> 8.1944157e+08 | G33: =SUMIFS(Data!AD$2:AD$2000,Data!$E$2:$E$2000,WeightCal!$B33) -> 1.55171e+09 | H33: =SUMIFS(Data!AE$2:AE$2000,Data!$E$2:$E$2000,WeightCal!$B33) -> 3.7705295e+09 | I33: =SUMIFS(Data!AF$2:AF$2000,Data!$E$2:$E$2000,WeightCal!$B33) -> 5.00712e+09 | J33: =SUMIFS(Data!AG$2:AG$2000,Data!$E$2:$E$2000,WeightCal!$B33) -> 8.1876937e+09 | K33: =SUMIFS(Data!AH$2:AH$2000,Data!$E$2:$E$2000,WeightCal!$B33) -> 4.353716e+09 | L33: =SUMIFS(Data!AI$2:AI$2000,Data!$E$2:$E$2000,WeightCal!$B33) -> 1.3055062e+10 | M33: =+D33/$C33 -> 7.3424421 | N33: =+E33/$C33 -> 0.12906872 | O33: =+F33/$C33 -> 1.0446078 | P33: =+G33/$C33 -> 1.978089 | Q33: =+H33/$C33 -> 4.806596 | R33: =+I33/$C33 -> 6.382977 | S33: =+J33/$C33 -> 10.437509 | T33: =+K33/$C33 -> 5.5500306 | U33: =+L33/$C33 -> 16.642334
B34: อ.เขาคิชฌกูฏ | C34: =SUMIFS(Data!$Y$2:$Y$2000,Data!$E$2:$E$2000,WeightCal!B34) -> 7.8058342e+08 | D34: =SUMIFS(Data!AA$2:AA$2000,Data!$E$2:$E$2000,WeightCal!$B34) -> 2.1036549e+10 | E34: =SUMIFS(Data!AB$2:AB$2000,Data!$E$2:$E$2000,WeightCal!$B34) -> 3.0791952e+08 | F34: =SUMIFS(Data!AC$2:AC$2000,Data!$E$2:$E$2000,WeightCal!$B34) -> 2.6974532e+08 | G34: =SUMIFS(Data!AD$2:AD$2000,Data!$E$2:$E$2000,WeightCal!$B34) -> 3.2929704e+09 | H34: =SUMIFS(Data!AE$2:AE$2000,Data!$E$2:$E$2000,WeightCal!$B34) -> 9.743088e+09 | I34: =SUMIFS(Data!AF$2:AF$2000,Data!$E$2:$E$2000,WeightCal!$B34) -> 1.998408e+10 | J34: =SUMIFS(Data!AG$2:AG$2000,Data!$E$2:$E$2000,WeightCal!$B34) -> 1.1993061e+10 | K34: =SUMIFS(Data!AH$2:AH$2000,Data!$E$2:$E$2000,WeightCal!$B34) -> 2.766966e+09 | L34: =SUMIFS(Data!AI$2:AI$2000,Data!$E$2:$E$2000,WeightCal!$B34) -> 1.7355132e+09 | M34: =+D34/$C34 -> 26.949777 | N34: =+E34/$C34 -> 0.39447356 | O34: =+F34/$C34 -> 0.34556886 | P34: =+G34/$C34 -> 4.2186016 | Q34: =+H34/$C34 -> 12.481803 | R34: =+I34/$C34 -> 25.601466 | S34: =+J34/$C34 -> 15.364227 | T34: =+K34/$C34 -> 3.544741 | U34: =+L34/$C34 -> 2.2233539
B35: อ.ท่าใหม่ | C35: =SUMIFS(Data!$Y$2:$Y$2000,Data!$E$2:$E$2000,WeightCal!B35) -> 6.2608534e+08 | D35: =SUMIFS(Data!AA$2:AA$2000,Data!$E$2:$E$2000,WeightCal!$B35) -> 3.4402338e+09 | E35: =SUMIFS(Data!AB$2:AB$2000,Data!$E$2:$E$2000,WeightCal!$B35) -> 1.2745473e+08 | F35: =SUMIFS(Data!AC$2:AC$2000,Data!$E$2:$E$2000,WeightCal!$B35) -> 2.0261919e+08 | G35: =SUMIFS(Data!AD$2:AD$2000,Data!$E$2:$E$2000,WeightCal!$B35) -> 2.4304624e+09 | H35: =SUMIFS(Data!AE$2:AE$2000,Data!$E$2:$E$2000,WeightCal!$B35) -> 2.6015466e+09 | I35: =SUMIFS(Data!AF$2:AF$2000,Data!$E$2:$E$2000,WeightCal!$B35) -> 4.7944848e+09 | J35: =SUMIFS(Data!AG$2:AG$2000,Data!$E$2:$E$2000,WeightCal!$B35) -> 1.5012603e+10 | K35: =SUMIFS(Data!AH$2:AH$2000,Data!$E$2:$E$2000,WeightCal!$B35) -> 6.1521985e+09 | L35: =SUMIFS(Data!AI$2:AI$2000,Data!$E$2:$E$2000,WeightCal!$B35) -> 3.6518247e+09 | M35: =+D35/$C35 -> 5.4948321 | N35: =+E35/$C35 -> 0.20357405 | O35: =+F35/$C35 -> 0.32362871 | P35: =+G35/$C35 -> 3.8819986 | Q35: =+H35/$C35 -> 4.1552589 | R35: =+I35/$C35 -> 7.6578775 | S35: =+J35/$C35 -> 23.978525 | T35: =+K35/$C35 -> 9.8264536 | U35: =+L35/$C35 -> 5.8327907
B36: อ.นายายอาม | C36: =SUMIFS(Data!$Y$2:$Y$2000,Data!$E$2:$E$2000,WeightCal!B36) -> 2.8611401e+08 | D36: =SUMIFS(Data!AA$2:AA$2000,Data!$E$2:$E$2000,WeightCal!$B36) -> 7.7594037e+08 | E36: =SUMIFS(Data!AB$2:AB$2000,Data!$E$2:$E$2000,WeightCal!$B36) -> 44705813 | F36: =SUMIFS(Data!AC$2:AC$2000,Data!$E$2:$E$2000,WeightCal!$B36) -> 7.6787215e+08 | G36: =SUMIFS(Data!AD$2:AD$2000,Data!$E$2:$E$2000,WeightCal!$B36) -> 6.6430993e+08 | H36: =SUMIFS(Data!AE$2:AE$2000,Data!$E$2:$E$2000,WeightCal!$B36) -> 7.603924e+08 | I36: =SUMIFS(Data!AF$2:AF$2000,Data!$E$2:$E$2000,WeightCal!$B36) -> 1.9696791e+09 | J36: =SUMIFS(Data!AG$2:AG$2000,Data!$E$2:$E$2000,WeightCal!$B36) -> 9.2486442e+09 | K36: =SUMIFS(Data!AH$2:AH$2000,Data!$E$2:$E$2000,WeightCal!$B36) -> 1.3940387e+09 | L36: =SUMIFS(Data!AI$2:AI$2000,Data!$E$2:$E$2000,WeightCal!$B36) -> 1.9773658e+09 | M36: =+D36/$C36 -> 2.7119971 | N36: =+E36/$C36 -> 0.15625174 | O36: =+F36/$C36 -> 2.6837978 | P36: =+G36/$C36 -> 2.3218364 | Q36: =+H36/$C36 -> 2.6576552 | R36: =+I36/$C36 -> 6.8842455 | S36: =+J36/$C36 -> 32.325031 | T36: =+K36/$C36 -> 4.8723189 | U36: =+L36/$C36 -> 6.9111112
B37: อ.โป่งน้ำร้อน | C37: =SUMIFS(Data!$Y$2:$Y$2000,Data!$E$2:$E$2000,WeightCal!B37) -> 1.0172906e+09 | D37: =SUMIFS(Data!AA$2:AA$2000,Data!$E$2:$E$2000,WeightCal!$B37) -> 9.1807307e+09 | E37: =SUMIFS(Data!AB$2:AB$2000,Data!$E$2:$E$2000,WeightCal!$B37) -> 1.7620826e+09 | F37: =SUMIFS(Data!AC$2:AC$2000,Data!$E$2:$E$2000,WeightCal!$B37) -> 2.2447006e+08 | G37: =SUMIFS(Data!AD$2:AD$2000,Data!$E$2:$E$2000,WeightCal!$B37) -> 1.7852923e+09 | H37: =SUMIFS(Data!AE$2:AE$2000,Data!$E$2:$E$2000,WeightCal!$B37) -> 2.7921826e+10 | I37: =SUMIFS(Data!AF$2:AF$2000,Data!$E$2:$E$2000,WeightCal!$B37) -> 1.7652727e+10 | J37: =SUMIFS(Data!AG$2:AG$2000,Data!$E$2:$E$2000,WeightCal!$B37) -> 1.4612038e+10 | K37: =SUMIFS(Data!AH$2:AH$2000,Data!$E$2:$E$2000,WeightCal!$B37) -> 4.0268722e+09 | L37: =SUMIFS(Data!AI$2:AI$2000,Data!$E$2:$E$2000,WeightCal!$B37) -> 1.2834504e+09 | M37: =+D37/$C37 -> 9.0246887 | N37: =+E37/$C37 -> 1.732133 | O37: =+F37/$C37 -> 0.22065481 | P37: =+G37/$C37 -> 1.7549483 | Q37: =+H37/$C37 -> 27.447248 | R37: =+I37/$C37 -> 17.352689 | S37: =+J37/$C37 -> 14.363682 | T37: =+K37/$C37 -> 3.9584287 | U37: =+L37/$C37 -> 1.261636
B38: อ.มะขาม | C38: =SUMIFS(Data!$Y$2:$Y$2000,Data!$E$2:$E$2000,WeightCal!B38) -> 4.455974e+08 | D38: =SUMIFS(Data!AA$2:AA$2000,Data!$E$2:$E$2000,WeightCal!$B38) -> 5.4085014e+09 | E38: =SUMIFS(Data!AB$2:AB$2000,Data!$E$2:$E$2000,WeightCal!$B38) -> 1.0277821e+09 | F38: =SUMIFS(Data!AC$2:AC$2000,Data!$E$2:$E$2000,WeightCal!$B38) -> 1.1423252e+09 | G38: =SUMIFS(Data!AD$2:AD$2000,Data!$E$2:$E$2000,WeightCal!$B38) -> 8.9214701e+08 | H38: =SUMIFS(Data!AE$2:AE$2000,Data!$E$2:$E$2000,WeightCal!$B38) -> 6.2643082e+09 | I38: =SUMIFS(Data!AF$2:AF$2000,Data!$E$2:$E$2000,WeightCal!$B38) -> 5.7919118e+09 | J38: =SUMIFS(Data!AG$2:AG$2000,Data!$E$2:$E$2000,WeightCal!$B38) -> 3.2527024e+09 | K38: =SUMIFS(Data!AH$2:AH$2000,Data!$E$2:$E$2000,WeightCal!$B38) -> 9.0763373e+08 | L38: =SUMIFS(Data!AI$2:AI$2000,Data!$E$2:$E$2000,WeightCal!$B38) -> 1.4391338e+09 | M38: =+D38/$C38 -> 12.137641 | N38: =+E38/$C38 -> 2.3065262 | O38: =+F38/$C38 -> 2.5635814 | P38: =+G38/$C38 -> 2.0021369 | Q38: =+H38/$C38 -> 14.058224 | R38: =+I38/$C38 -> 12.998083 | S38: =+J38/$C38 -> 7.299644 | T38: =+K38/$C38 -> 2.0368919 | U38: =+L38/$C38 -> 3.2296728
B39: อ.เมืองจันทบุรี | C39: =SUMIFS(Data!$Y$2:$Y$2000,Data!$E$2:$E$2000,WeightCal!B39) -> 2.8223097e+08 | D39: =SUMIFS(Data!AA$2:AA$2000,Data!$E$2:$E$2000,WeightCal!$B39) -> 1.2299759e+09 | E39: =SUMIFS(Data!AB$2:AB$2000,Data!$E$2:$E$2000,WeightCal!$B39) -> 2.626751e+08 | F39: =SUMIFS(Data!AC$2:AC$2000,Data!$E$2:$E$2000,WeightCal!$B39) -> 24657656 | G39: =SUMIFS(Data!AD$2:AD$2000,Data!$E$2:$E$2000,WeightCal!$B39) -> 1.0305614e+09 | H39: =SUMIFS(Data!AE$2:AE$2000,Data!$E$2:$E$2000,WeightCal!$B39) -> 1.0819131e+09 | I39: =SUMIFS(Data!AF$2:AF$2000,Data!$E$2:$E$2000,WeightCal!$B39) -> 1.7328535e+09 | J39: =SUMIFS(Data!AG$2:AG$2000,Data!$E$2:$E$2000,WeightCal!$B39) -> 4.9555109e+09 | K39: =SUMIFS(Data!AH$2:AH$2000,Data!$E$2:$E$2000,WeightCal!$B39) -> 2.5747829e+09 | L39: =SUMIFS(Data!AI$2:AI$2000,Data!$E$2:$E$2000,WeightCal!$B39) -> 2.6425259e+09 | M39: =+D39/$C39 -> 4.3580472 | N39: =+E39/$C39 -> 0.93070969 | O39: =+F39/$C39 -> 0.087366939 | P39: =+G39/$C39 -> 3.6514823 | Q39: =+H39/$C39 -> 3.8334314 | R39: =+I39/$C39 -> 6.1398417 | S39: =+J39/$C39 -> 17.558353 | T39: =+K39/$C39 -> 9.1229638 | U39: =+L39/$C39 -> 9.3629906
B40: อ.สอยดาว | C40: =SUMIFS(Data!$Y$2:$Y$2000,Data!$E$2:$E$2000,WeightCal!B40) -> 7.6245074e+08 | D40: =SUMIFS(Data!AA$2:AA$2000,Data!$E$2:$E$2000,WeightCal!$B40) -> 1.035949e+10 | E40: =SUMIFS(Data!AB$2:AB$2000,Data!$E$2:$E$2000,WeightCal!$B40) -> 5.0087233e+09 | F40: =SUMIFS(Data!AC$2:AC$2000,Data!$E$2:$E$2000,WeightCal!$B40) -> 4.5825221e+08 | G40: =SUMIFS(Data!AD$2:AD$2000,Data!$E$2:$E$2000,WeightCal!$B40) -> 2.6805395e+09 | H40: =SUMIFS(Data!AE$2:AE$2000,Data!$E$2:$E$2000,WeightCal!$B40) -> 1.930293e+10 | I40: =SUMIFS(Data!AF$2:AF$2000,Data!$E$2:$E$2000,WeightCal!$B40) -> 1.172569e+10 | J40: =SUMIFS(Data!AG$2:AG$2000,Data!$E$2:$E$2000,WeightCal!$B40) -> 1.4643538e+10 | K40: =SUMIFS(Data!AH$2:AH$2000,Data!$E$2:$E$2000,WeightCal!$B40) -> 1.0091602e+10 | L40: =SUMIFS(Data!AI$2:AI$2000,Data!$E$2:$E$2000,WeightCal!$B40) -> 4.1950356e+08 | M40: =+D40/$C40 -> 13.587094 | N40: =+E40/$C40 -> 6.5692419 | O40: =+F40/$C40 -> 0.60102534 | P40: =+G40/$C40 -> 3.5156888 | Q40: =+H40/$C40 -> 25.316953 | R40: =+I40/$C40 -> 15.378948 | S40: =+J40/$C40 -> 19.205881 | T40: =+K40/$C40 -> 13.235743 | U40: =+L40/$C40 -> 0.55020414
B41: อ.แหลมสิงห์ | C41: =SUMIFS(Data!$Y$2:$Y$2000,Data!$E$2:$E$2000,WeightCal!B41) -> 1.7136956e+08 | D41: =SUMIFS(Data!AA$2:AA$2000,Data!$E$2:$E$2000,WeightCal!$B41) -> 1.4953409e+08 | E41: =SUMIFS(Data!AB$2:AB$2000,Data!$E$2:$E$2000,WeightCal!$B41) -> 21173355 | F41: =SUMIFS(Data!AC$2:AC$2000,Data!$E$2:$E$2000,WeightCal!$B41) -> 16489284 | G41: =SUMIFS(Data!AD$2:AD$2000,Data!$E$2:$E$2000,WeightCal!$B41) -> 1.4644447e+08 | H41: =SUMIFS(Data!AE$2:AE$2000,Data!$E$2:$E$2000,WeightCal!$B41) -> 3.1399049e+09 | I41: =SUMIFS(Data!AF$2:AF$2000,Data!$E$2:$E$2000,WeightCal!$B41) -> 4.5852418e+08 | J41: =SUMIFS(Data!AG$2:AG$2000,Data!$E$2:$E$2000,WeightCal!$B41) -> 2.6311496e+09 | K41: =SUMIFS(Data!AH$2:AH$2000,Data!$E$2:$E$2000,WeightCal!$B41) -> 8.3797434e+08 | L41: =SUMIFS(Data!AI$2:AI$2000,Data!$E$2:$E$2000,WeightCal!$B41) -> 1.5093081e+09 | M41: =+D41/$C41 -> 0.87258258 | N41: =+E41/$C41 -> 0.12355377 | O41: =+F41/$C41 -> 0.096220611 | P41: =+G41/$C41 -> 0.85455356 | Q41: =+H41/$C41 -> 18.322419 | R41: =+I41/$C41 -> 2.6756455 | S41: =+J41/$C41 -> 15.353658 | T41: =+K41/$C41 -> 4.8898669 | U41: =+L41/$C41 -> 8.8073292
A42: จ.ตราด | B42: อ.เขาสมิง | C42: =SUMIFS(Data!$Y$2:$Y$2000,Data!$E$2:$E$2000,WeightCal!B42) -> 6.5146738e+08 | D42: =SUMIFS(Data!AA$2:AA$2000,Data!$E$2:$E$2000,WeightCal!$B42) -> 5.5559065e+09 | E42: =SUMIFS(Data!AB$2:AB$2000,Data!$E$2:$E$2000,WeightCal!$B42) -> 3.4455206e+08 | F42: =SUMIFS(Data!AC$2:AC$2000,Data!$E$2:$E$2000,WeightCal!$B42) -> 6.2996043e+08 | G42: =SUMIFS(Data!AD$2:AD$2000,Data!$E$2:$E$2000,WeightCal!$B42) -> 1.7089098e+08 | H42: =SUMIFS(Data!AE$2:AE$2000,Data!$E$2:$E$2000,WeightCal!$B42) -> 2.2616307e+09 | I42: =SUMIFS(Data!AF$2:AF$2000,Data!$E$2:$E$2000,WeightCal!$B42) -> 1.5030467e+09 | J42: =SUMIFS(Data!AG$2:AG$2000,Data!$E$2:$E$2000,WeightCal!$B42) -> 4.9565999e+09 | K42: =SUMIFS(Data!AH$2:AH$2000,Data!$E$2:$E$2000,WeightCal!$B42) -> 4.0944818e+09 | L42: =SUMIFS(Data!AI$2:AI$2000,Data!$E$2:$E$2000,WeightCal!$B42) -> 1.6619585e+10 | M42: =+D42/$C42 -> 8.5282957 | N42: =+E42/$C42 -> 0.52888613 | O42: =+F42/$C42 -> 0.96698691 | P42: =+G42/$C42 -> 0.26231702 | Q42: =+H42/$C42 -> 3.4715947 | R42: =+I42/$C42 -> 2.3071711 | S42: =+J42/$C42 -> 7.6083623 | T42: =+K42/$C42 -> 6.2850142 | U42: =+L42/$C42 -> 25.511002
B43: อ.คลองใหญ่ | C43: =SUMIFS(Data!$Y$2:$Y$2000,Data!$E$2:$E$2000,WeightCal!B43) -> 73187280 | D43: =SUMIFS(Data!AA$2:AA$2000,Data!$E$2:$E$2000,WeightCal!$B43) -> 1.9741584e+08 | E43: =SUMIFS(Data!AB$2:AB$2000,Data!$E$2:$E$2000,WeightCal!$B43) -> 36164320 | F43: =SUMIFS(Data!AC$2:AC$2000,Data!$E$2:$E$2000,WeightCal!$B43) -> 19156095 | G43: =SUMIFS(Data!AD$2:AD$2000,Data!$E$2:$E$2000,WeightCal!$B43) -> 6436806.4 | H43: =SUMIFS(Data!AE$2:AE$2000,Data!$E$2:$E$2000,WeightCal!$B43) -> 40271913 | I43: =SUMIFS(Data!AF$2:AF$2000,Data!$E$2:$E$2000,WeightCal!$B43) -> 6931092.3 | J43: =SUMIFS(Data!AG$2:AG$2000,Data!$E$2:$E$2000,WeightCal!$B43) -> 2.9294243e+08 | K43: =SUMIFS(Data!AH$2:AH$2000,Data!$E$2:$E$2000,WeightCal!$B43) -> 2.9620008e+09 | L43: =SUMIFS(Data!AI$2:AI$2000,Data!$E$2:$E$2000,WeightCal!$B43) -> 8.2253581e+08 | M43: =+D43/$C43 -> 2.6974065 | N43: =+E43/$C43 -> 0.49413396 | O43: =+F43/$C43 -> 0.26174077 | P43: =+G43/$C43 -> 0.087949797 | Q43: =+H43/$C43 -> 0.55025837 | R43: =+I43/$C43 -> 0.094703511 | S43: =+J43/$C43 -> 4.0026414 | T43: =+K43/$C43 -> 40.471525 | U43: =+L43/$C43 -> 11.238781
B44: อ.บ่อไร่ | C44: =SUMIFS(Data!$Y$2:$Y$2000,Data!$E$2:$E$2000,WeightCal!B44) -> 6.7873269e+08 | D44: =SUMIFS(Data!AA$2:AA$2000,Data!$E$2:$E$2000,WeightCal!$B44) -> 1.7194966e+10 | E44: =SUMIFS(Data!AB$2:AB$2000,Data!$E$2:$E$2000,WeightCal!$B44) -> 1.5064e+09 | F44: =SUMIFS(Data!AC$2:AC$2000,Data!$E$2:$E$2000,WeightCal!$B44) -> 1.921363e+08 | G44: =SUMIFS(Data!AD$2:AD$2000,Data!$E$2:$E$2000,WeightCal!$B44) -> 1.9949876e+09 | H44: =SUMIFS(Data!AE$2:AE$2000,Data!$E$2:$E$2000,WeightCal!$B44) -> 2.404814e+09 | I44: =SUMIFS(Data!AF$2:AF$2000,Data!$E$2:$E$2000,WeightCal!$B44) -> 8.0890088e+09 | J44: =SUMIFS(Data!AG$2:AG$2000,Data!$E$2:$E$2000,WeightCal!$B44) -> 6.0241971e+09 | K44: =SUMIFS(Data!AH$2:AH$2000,Data!$E$2:$E$2000,WeightCal!$B44) -> 2.0624096e+09 | L44: =SUMIFS(Data!AI$2:AI$2000,Data!$E$2:$E$2000,WeightCal!$B44) -> 1.2683e+10 | M44: =+D44/$C44 -> 25.333929 | N44: =+E44/$C44 -> 2.2194304 | O44: =+F44/$C44 -> 0.28308095 | P44: =+G44/$C44 -> 2.9392832 | Q44: =+H44/$C44 -> 3.5430944 | R44: =+I44/$C44 -> 11.917812 | S44: =+J44/$C44 -> 8.8756548 | T44: =+K44/$C44 -> 3.0386184 | U44: =+L44/$C44 -> 18.686297
B45: อ.เมืองตราด | C45: =SUMIFS(Data!$Y$2:$Y$2000,Data!$E$2:$E$2000,WeightCal!B45) -> 9.4723283e+08 | D45: =SUMIFS(Data!AA$2:AA$2000,Data!$E$2:$E$2000,WeightCal!$B45) -> 6.2042647e+09 | E45: =SUMIFS(Data!AB$2:AB$2000,Data!$E$2:$E$2000,WeightCal!$B45) -> 2.7844137e+09 | F45: =SUMIFS(Data!AC$2:AC$2000,Data!$E$2:$E$2000,WeightCal!$B45) -> 5.1251786e+08 | G45: =SUMIFS(Data!AD$2:AD$2000,Data!$E$2:$E$2000,WeightCal!$B45) -> 4.8169934e+08 | H45: =SUMIFS(Data!AE$2:AE$2000,Data!$E$2:$E$2000,WeightCal!$B45) -> 2.9848667e+09 | I45: =SUMIFS(Data!AF$2:AF$2000,Data!$E$2:$E$2000,WeightCal!$B45) -> 4.3555045e+09 | J45: =SUMIFS(Data!AG$2:AG$2000,Data!$E$2:$E$2000,WeightCal!$B45) -> 1.1537158e+10 | K45: =SUMIFS(Data!AH$2:AH$2000,Data!$E$2:$E$2000,WeightCal!$B45) -> 9.3599126e+09 | L45: =SUMIFS(Data!AI$2:AI$2000,Data!$E$2:$E$2000,WeightCal!$B45) -> 2.4753942e+10 | M45: =+D45/$C45 -> 6.5498835 | N45: =+E45/$C45 -> 2.939524 | O45: =+F45/$C45 -> 0.54106851 | P45: =+G45/$C45 -> 0.5085332 | Q45: =+H45/$C45 -> 3.1511437 | R45: =+I45/$C45 -> 4.598135 | S45: =+J45/$C45 -> 12.179855 | T45: =+K45/$C45 -> 9.881322 | U45: =+L45/$C45 -> 26.132902
B46: อ.แหลมงอบ | C46: =SUMIFS(Data!$Y$2:$Y$2000,Data!$E$2:$E$2000,WeightCal!B46) -> 1.6620592e+08 | D46: =SUMIFS(Data!AA$2:AA$2000,Data!$E$2:$E$2000,WeightCal!$B46) -> 50390717 | E46: =SUMIFS(Data!AB$2:AB$2000,Data!$E$2:$E$2000,WeightCal!$B46) -> 12652176 | F46: =SUMIFS(Data!AC$2:AC$2000,Data!$E$2:$E$2000,WeightCal!$B46) -> 15026571 | G46: =SUMIFS(Data!AD$2:AD$2000,Data!$E$2:$E$2000,WeightCal!$B46) -> 6736331.6 | H46: =SUMIFS(Data!AE$2:AE$2000,Data!$E$2:$E$2000,WeightCal!$B46) -> 1.9796796e+08 | I46: =SUMIFS(Data!AF$2:AF$2000,Data!$E$2:$E$2000,WeightCal!$B46) -> 4.0479751e+08 | J46: =SUMIFS(Data!AG$2:AG$2000,Data!$E$2:$E$2000,WeightCal!$B46) -> 2.0863944e+09 | K46: =SUMIFS(Data!AH$2:AH$2000,Data!$E$2:$E$2000,WeightCal!$B46) -> 2.5918019e+09 | L46: =SUMIFS(Data!AI$2:AI$2000,Data!$E$2:$E$2000,WeightCal!$B46) -> 6.3310954e+09 | M46: =+D46/$C46 -> 0.30318244 | N46: =+E46/$C46 -> 0.076123498 | O46: =+F46/$C46 -> 0.090409358 | P46: =+G46/$C46 -> 0.040530034 | Q46: =+H46/$C46 -> 1.1911005 | R46: =+I46/$C46 -> 2.435518 | S46: =+J46/$C46 -> 12.553069 | T46: =+K46/$C46 -> 15.593921 | U46: =+L46/$C46 -> 38.091876
B47: กิ่ง อ.เกาะกูด | C47: =SUMIFS(Data!$Y$2:$Y$2000,Data!$E$2:$E$2000,WeightCal!B47) -> 1.3093724e+08 | D47: =SUMIFS(Data!AA$2:AA$2000,Data!$E$2:$E$2000,WeightCal!$B47) -> 44637904 | E47: =SUMIFS(Data!AB$2:AB$2000,Data!$E$2:$E$2000,WeightCal!$B47) -> 2.9749613e+08 | F47: =SUMIFS(Data!AC$2:AC$2000,Data!$E$2:$E$2000,WeightCal!$B47) -> 21231686 | G47: =SUMIFS(Data!AD$2:AD$2000,Data!$E$2:$E$2000,WeightCal!$B47) -> 19353811 | H47: =SUMIFS(Data!AE$2:AE$2000,Data!$E$2:$E$2000,WeightCal!$B47) -> 6.60902e+08 | I47: =SUMIFS(Data!AF$2:AF$2000,Data!$E$2:$E$2000,WeightCal!$B47) -> 4.0798414e+08 | J47: =SUMIFS(Data!AG$2:AG$2000,Data!$E$2:$E$2000,WeightCal!$B47) -> 6.273504e+08 | K47: =SUMIFS(Data!AH$2:AH$2000,Data!$E$2:$E$2000,WeightCal!$B47) -> 8.9484358e+08 | L47: =SUMIFS(Data!AI$2:AI$2000,Data!$E$2:$E$2000,WeightCal!$B47) -> 5.15714e+08 | M47: =+D47/$C47 -> 0.34091069 | N47: =+E47/$C47 -> 2.2720514 | O47: =+F47/$C47 -> 0.16215163 | P47: =+G47/$C47 -> 0.14780983 | Q47: =+H47/$C47 -> 5.0474717 | R47: =+I47/$C47 -> 3.1158756 | S47: =+J47/$C47 -> 4.7912299 | T47: =+K47/$C47 -> 6.8341413 | U47: =+L47/$C47 -> 3.9386351
B48: กิ่ง อ.เกาะช้าง | C48: =SUMIFS(Data!$Y$2:$Y$2000,Data!$E$2:$E$2000,WeightCal!B48) -> 2.1950625e+08 | D48: =SUMIFS(Data!AA$2:AA$2000,Data!$E$2:$E$2000,WeightCal!$B48) -> 8.9864578e+08 | E48: =SUMIFS(Data!AB$2:AB$2000,Data!$E$2:$E$2000,WeightCal!$B48) -> 1.8366035e+08 | F48: =SUMIFS(Data!AC$2:AC$2000,Data!$E$2:$E$2000,WeightCal!$B48) -> 46212555 | G48: =SUMIFS(Data!AD$2:AD$2000,Data!$E$2:$E$2000,WeightCal!$B48) -> 2.7691243e+08 | H48: =SUMIFS(Data!AE$2:AE$2000,Data!$E$2:$E$2000,WeightCal!$B48) -> 5.1923179e+09 | I48: =SUMIFS(Data!AF$2:AF$2000,Data!$E$2:$E$2000,WeightCal!$B48) -> 9.5348541e+08 | J48: =SUMIFS(Data!AG$2:AG$2000,Data!$E$2:$E$2000,WeightCal!$B48) -> 5.4080387e+09 | K48: =SUMIFS(Data!AH$2:AH$2000,Data!$E$2:$E$2000,WeightCal!$B48) -> 1.6837906e+09 | L48: =SUMIFS(Data!AI$2:AI$2000,Data!$E$2:$E$2000,WeightCal!$B48) -> 3.4395082e+09 | M48: =+D48/$C48 -> 4.0939417 | N48: =+E48/$C48 -> 0.83669759 | O48: =+F48/$C48 -> 0.21052956 | P48: =+G48/$C48 -> 1.2615242 | Q48: =+H48/$C48 -> 23.654534 | R48: =+I48/$C48 -> 4.3437735 | S48: =+J48/$C48 -> 24.637288 | T48: =+K48/$C48 -> 7.6708097 | U48: =+L48/$C48 -> 15.669295
A49: จ.สระแก้ว | B49: อ.เขาฉกรรจ์ | C49: =SUMIFS(Data!$Y$2:$Y$2000,Data!$E$2:$E$2000,WeightCal!B49) -> 4.6267458e+08 | D49: =SUMIFS(Data!AA$2:AA$2000,Data!$E$2:$E$2000,WeightCal!$B49) -> 4.930949e+08 | E49: =SUMIFS(Data!AB$2:AB$2000,Data!$E$2:$E$2000,WeightCal!$B49) -> 1.2064537e+09 | F49: =SUMIFS(Data!AC$2:AC$2000,Data!$E$2:$E$2000,WeightCal!$B49) -> 74566060 | G49: =SUMIFS(Data!AD$2:AD$2000,Data!$E$2:$E$2000,WeightCal!$B49) -> 9.1423447e+08 | H49: =SUMIFS(Data!AE$2:AE$2000,Data!$E$2:$E$2000,WeightCal!$B49) -> 67224251 | I49: =SUMIFS(Data!AF$2:AF$2000,Data!$E$2:$E$2000,WeightCal!$B49) -> 7.2518438e+09 | J49: =SUMIFS(Data!AG$2:AG$2000,Data!$E$2:$E$2000,WeightCal!$B49) -> 8.0112923e+09 | K49: =SUMIFS(Data!AH$2:AH$2000,Data!$E$2:$E$2000,WeightCal!$B49) -> 2.6274644e+08 | L49: =SUMIFS(Data!AI$2:AI$2000,Data!$E$2:$E$2000,WeightCal!$B49) -> 8856089.2 | M49: =+D49/$C49 -> 1.0657488 | N49: =+E49/$C49 -> 2.6075643 | O49: =+F49/$C49 -> 0.16116308 | P49: =+G49/$C49 -> 1.9759773 | Q49: =+H49/$C49 -> 0.14529489 | R49: =+I49/$C49 -> 15.673746 | S49: =+J49/$C49 -> 17.315177 | T49: =+K49/$C49 -> 0.56788605 | U49: =+L49/$C49 -> 0.019141076
B50: อ.คลองหาด | C50: =SUMIFS(Data!$Y$2:$Y$2000,Data!$E$2:$E$2000,WeightCal!B50) -> 4.8375347e+08 | D50: =SUMIFS(Data!AA$2:AA$2000,Data!$E$2:$E$2000,WeightCal!$B50) -> 4.8974448e+09 | E50: =SUMIFS(Data!AB$2:AB$2000,Data!$E$2:$E$2000,WeightCal!$B50) -> 5.6482614e+09 | F50: =SUMIFS(Data!AC$2:AC$2000,Data!$E$2:$E$2000,WeightCal!$B50) -> 1.1594589e+08 | G50: =SUMIFS(Data!AD$2:AD$2000,Data!$E$2:$E$2000,WeightCal!$B50) -> 1.4566475e+09 | H50: =SUMIFS(Data!AE$2:AE$2000,Data!$E$2:$E$2000,WeightCal!$B50) -> 8.0181477e+08 | I50: =SUMIFS(Data!AF$2:AF$2000,Data!$E$2:$E$2000,WeightCal!$B50) -> 3.6860078e+09 | J50: =SUMIFS(Data!AG$2:AG$2000,Data!$E$2:$E$2000,WeightCal!$B50) -> 3.0937179e+09 | K50: =SUMIFS(Data!AH$2:AH$2000,Data!$E$2:$E$2000,WeightCal!$B50) -> 47122302 | L50: =SUMIFS(Data!AI$2:AI$2000,Data!$E$2:$E$2000,WeightCal!$B50) -> 5.4800619e+08 | M50: =+D50/$C50 -> 10.123844 | N50: =+E50/$C50 -> 11.675909 | O50: =+F50/$C50 -> 0.2396797 | P50: =+G50/$C50 -> 3.0111359 | Q50: =+H50/$C50 -> 1.6574863 | R50: =+I50/$C50 -> 7.6195997 | S50: =+J50/$C50 -> 6.3952366 | T50: =+K50/$C50 -> 0.097409745 | U50: =+L50/$C50 -> 1.1328212
B51: อ.โคกสูง | C51: =SUMIFS(Data!$Y$2:$Y$2000,Data!$E$2:$E$2000,WeightCal!B51) -> 3.4113716e+08 | D51: =SUMIFS(Data!AA$2:AA$2000,Data!$E$2:$E$2000,WeightCal!$B51) -> 1235013.2 | E51: =SUMIFS(Data!AB$2:AB$2000,Data!$E$2:$E$2000,WeightCal!$B51) -> 4276902.2 | F51: =SUMIFS(Data!AC$2:AC$2000,Data!$E$2:$E$2000,WeightCal!$B51) -> 14528668 | G51: =SUMIFS(Data!AD$2:AD$2000,Data!$E$2:$E$2000,WeightCal!$B51) -> 14346640 | H51: =SUMIFS(Data!AE$2:AE$2000,Data!$E$2:$E$2000,WeightCal!$B51) -> 5.1702879e+08 | I51: =SUMIFS(Data!AF$2:AF$2000,Data!$E$2:$E$2000,WeightCal!$B51) -> 5.1731494e+09 | J51: =SUMIFS(Data!AG$2:AG$2000,Data!$E$2:$E$2000,WeightCal!$B51) -> 3.8117335e+08 | K51: =SUMIFS(Data!AH$2:AH$2000,Data!$E$2:$E$2000,WeightCal!$B51) -> 6956465.1 | L51: =SUMIFS(Data!AI$2:AI$2000,Data!$E$2:$E$2000,WeightCal!$B51) -> 91059459 | M51: =+D51/$C51 -> 0.0036202835 | N51: =+E51/$C51 -> 0.012537192 | O51: =+F51/$C51 -> 0.042588933 | P51: =+G51/$C51 -> 0.042055342 | Q51: =+H51/$C51 -> 1.5156038 | R51: =+I51/$C51 -> 15.164426 | S51: =+J51/$C51 -> 1.117361 | T51: =+K51/$C51 -> 0.020391988 | U51: =+L51/$C51 -> 0.26692917
B52: อ.ตาพระยา | C52: =SUMIFS(Data!$Y$2:$Y$2000,Data!$E$2:$E$2000,WeightCal!B52) -> 9.696574e+08 | D52: =SUMIFS(Data!AA$2:AA$2000,Data!$E$2:$E$2000,WeightCal!$B52) -> 5.370811e+08 | E52: =SUMIFS(Data!AB$2:AB$2000,Data!$E$2:$E$2000,WeightCal!$B52) -> 2.7825016e+08 | F52: =SUMIFS(Data!AC$2:AC$2000,Data!$E$2:$E$2000,WeightCal!$B52) -> 5.3666341e+08 | G52: =SUMIFS(Data!AD$2:AD$2000,Data!$E$2:$E$2000,WeightCal!$B52) -> 84916200 | H52: =SUMIFS(Data!AE$2:AE$2000,Data!$E$2:$E$2000,WeightCal!$B52) -> 4.7054247e+09 | I52: =SUMIFS(Data!AF$2:AF$2000,Data!$E$2:$E$2000,WeightCal!$B52) -> 1.5451794e+10 | J52: =SUMIFS(Data!AG$2:AG$2000,Data!$E$2:$E$2000,WeightCal!$B52) -> 4.561508e+09 | K52: =SUMIFS(Data!AH$2:AH$2000,Data!$E$2:$E$2000,WeightCal!$B52) -> 1.0128878e+08 | L52: =SUMIFS(Data!AI$2:AI$2000,Data!$E$2:$E$2000,WeightCal!$B52) -> 4.4136085e+08 | M52: =+D52/$C52 -> 0.55388749 | N52: =+E52/$C52 -> 0.28695719 | O52: =+F52/$C52 -> 0.55345673 | P52: =+G52/$C52 -> 0.087573406 | Q52: =+H52/$C52 -> 4.8526672 | R52: =+I52/$C52 -> 15.935313 | S52: =+J52/$C52 -> 4.7042471 | T52: =+K52/$C52 -> 0.10445831 | U52: =+L52/$C52 -> 0.45517195
B53: อ.เมืองสระแก้ว | C53: =SUMIFS(Data!$Y$2:$Y$2000,Data!$E$2:$E$2000,WeightCal!B53) -> 1.3879876e+09 | D53: =SUMIFS(Data!AA$2:AA$2000,Data!$E$2:$E$2000,WeightCal!$B53) -> 1.83004e+09 | E53: =SUMIFS(Data!AB$2:AB$2000,Data!$E$2:$E$2000,WeightCal!$B53) -> 3.4672373e+09 | F53: =SUMIFS(Data!AC$2:AC$2000,Data!$E$2:$E$2000,WeightCal!$B53) -> 3.3255353e+08 | G53: =SUMIFS(Data!AD$2:AD$2000,Data!$E$2:$E$2000,WeightCal!$B53) -> 7.2845863e+08 | H53: =SUMIFS(Data!AE$2:AE$2000,Data!$E$2:$E$2000,WeightCal!$B53) -> 9.9776502e+08 | I53: =SUMIFS(Data!AF$2:AF$2000,Data!$E$2:$E$2000,WeightCal!$B53) -> 2.230531e+10 | J53: =SUMIFS(Data!AG$2:AG$2000,Data!$E$2:$E$2000,WeightCal!$B53) -> 1.025315e+10 | K53: =SUMIFS(Data!AH$2:AH$2000,Data!$E$2:$E$2000,WeightCal!$B53) -> 1.0212459e+09 | L53: =SUMIFS(Data!AI$2:AI$2000,Data!$E$2:$E$2000,WeightCal!$B53) -> 2721782.1 | M53: =+D53/$C53 -> 1.3184844 | N53: =+E53/$C53 -> 2.4980319 | O53: =+F53/$C53 -> 0.23959402 | P53: =+G53/$C53 -> 0.52483079 | Q53: =+H53/$C53 -> 0.7188573 | R53: =+I53/$C53 -> 16.070252 | S53: =+J53/$C53 -> 7.3870617 | T53: =+K53/$C53 -> 0.73577451 | U53: =+L53/$C53 -> 0.0019609556
B54: อ.วังน้ำเย็น | C54: =SUMIFS(Data!$Y$2:$Y$2000,Data!$E$2:$E$2000,WeightCal!B54) -> 4.3190961e+08 | D54: =SUMIFS(Data!AA$2:AA$2000,Data!$E$2:$E$2000,WeightCal!$B54) -> 1.5029592e+09 | E54: =SUMIFS(Data!AB$2:AB$2000,Data!$E$2:$E$2000,WeightCal!$B54) -> 6.3171679e+08 | F54: =SUMIFS(Data!AC$2:AC$2000,Data!$E$2:$E$2000,WeightCal!$B54) -> 2.199276e+08 | G54: =SUMIFS(Data!AD$2:AD$2000,Data!$E$2:$E$2000,WeightCal!$B54) -> 4.1831974e+08 | H54: =SUMIFS(Data!AE$2:AE$2000,Data!$E$2:$E$2000,WeightCal!$B54) -> 56391873 | I54: =SUMIFS(Data!AF$2:AF$2000,Data!$E$2:$E$2000,WeightCal!$B54) -> 1.9664084e+09 | J54: =SUMIFS(Data!AG$2:AG$2000,Data!$E$2:$E$2000,WeightCal!$B54) -> 8.3622806e+09 | K54: =SUMIFS(Data!AH$2:AH$2000,Data!$E$2:$E$2000,WeightCal!$B54) -> 93234159 | L54: =SUMIFS(Data!AI$2:AI$2000,Data!$E$2:$E$2000,WeightCal!$B54) -> 61758966 | M54: =+D54/$C54 -> 3.4798003 | N54: =+E54/$C54 -> 1.4626134 | O54: =+F54/$C54 -> 0.5091982 | P54: =+G54/$C54 -> 0.96853539 | Q54: =+H54/$C54 -> 0.13056406 | R54: =+I54/$C54 -> 4.5528239 | S54: =+J54/$C54 -> 19.361182 | T54: =+K54/$C54 -> 0.21586498 | U54: =+L54/$C54 -> 0.14299049
B55: อ.วังสมบูรณ์ | C55: =SUMIFS(Data!$Y$2:$Y$2000,Data!$E$2:$E$2000,WeightCal!B55) -> 5.4094996e+08 | D55: =SUMIFS(Data!AA$2:AA$2000,Data!$E$2:$E$2000,WeightCal!$B55) -> 9.3678398e+09 | E55: =SUMIFS(Data!AB$2:AB$2000,Data!$E$2:$E$2000,WeightCal!$B55) -> 2.465289e+09 | F55: =SUMIFS(Data!AC$2:AC$2000,Data!$E$2:$E$2000,WeightCal!$B55) -> 2.651047e+09 | G55: =SUMIFS(Data!AD$2:AD$2000,Data!$E$2:$E$2000,WeightCal!$B55) -> 2.4065059e+09 | H55: =SUMIFS(Data!AE$2:AE$2000,Data!$E$2:$E$2000,WeightCal!$B55) -> 2.6357657e+09 | I55: =SUMIFS(Data!AF$2:AF$2000,Data!$E$2:$E$2000,WeightCal!$B55) -> 6.7850211e+09 | J55: =SUMIFS(Data!AG$2:AG$2000,Data!$E$2:$E$2000,WeightCal!$B55) -> 1.8519696e+10 | K55: =SUMIFS(Data!AH$2:AH$2000,Data!$E$2:$E$2000,WeightCal!$B55) -> 87351691 | L55: =SUMIFS(Data!AI$2:AI$2000,Data!$E$2:$E$2000,WeightCal!$B55) -> 1.8608504e+08 | M55: =+D55/$C55 -> 17.317387 | N55: =+E55/$C55 -> 4.5573328 | O55: =+F55/$C55 -> 4.9007251 | P55: =+G55/$C55 -> 4.4486663 | Q55: =+H55/$C55 -> 4.8724761 | R55: =+I55/$C55 -> 12.542789 | S55: =+J55/$C55 -> 34.235507 | T55: =+K55/$C55 -> 0.16147832 | U55: =+L55/$C55 -> 0.34399677
B56: อ.วัฒนานคร | C56: =SUMIFS(Data!$Y$2:$Y$2000,Data!$E$2:$E$2000,WeightCal!B56) -> 1.5114429e+09 | D56: =SUMIFS(Data!AA$2:AA$2000,Data!$E$2:$E$2000,WeightCal!$B56) -> 1.507086e+09 | E56: =SUMIFS(Data!AB$2:AB$2000,Data!$E$2:$E$2000,WeightCal!$B56) -> 2.238096e+09 | F56: =SUMIFS(Data!AC$2:AC$2000,Data!$E$2:$E$2000,WeightCal!$B56) -> 1.8871643e+09 | G56: =SUMIFS(Data!AD$2:AD$2000,Data!$E$2:$E$2000,WeightCal!$B56) -> 1.1899715e+09 | H56: =SUMIFS(Data!AE$2:AE$2000,Data!$E$2:$E$2000,WeightCal!$B56) -> 3.7195508e+09 | I56: =SUMIFS(Data!AF$2:AF$2000,Data!$E$2:$E$2000,WeightCal!$B56) -> 3.0118032e+10 | J56: =SUMIFS(Data!AG$2:AG$2000,Data!$E$2:$E$2000,WeightCal!$B56) -> 5.7347131e+09 | K56: =SUMIFS(Data!AH$2:AH$2000,Data!$E$2:$E$2000,WeightCal!$B56) -> 1.8703015e+08 | L56: =SUMIFS(Data!AI$2:AI$2000,Data!$E$2:$E$2000,WeightCal!$B56) -> 9008378.7 | M56: =+D56/$C56 -> 0.99711742 | N56: =+E56/$C56 -> 1.4807678 | O56: =+F56/$C56 -> 1.2485846 | P56: =+G56/$C56 -> 0.78730825 | Q56: =+H56/$C56 -> 2.4609271 | R56: =+I56/$C56 -> 19.926675 | S56: =+J56/$C56 -> 3.7941977 | T56: =+K56/$C56 -> 0.12374279 | U56: =+L56/$C56 -> 0.0059601185
B57: อ.อรัญประเทศ | C57: =SUMIFS(Data!$Y$2:$Y$2000,Data!$E$2:$E$2000,WeightCal!B57) -> 7.3504328e+08 | D57: =SUMIFS(Data!AA$2:AA$2000,Data!$E$2:$E$2000,WeightCal!$B57) -> 84965081 | E57: =SUMIFS(Data!AB$2:AB$2000,Data!$E$2:$E$2000,WeightCal!$B57) -> 5.7138127e+08 | F57: =SUMIFS(Data!AC$2:AC$2000,Data!$E$2:$E$2000,WeightCal!$B57) -> 1.5815996e+08 | G57: =SUMIFS(Data!AD$2:AD$2000,Data!$E$2:$E$2000,WeightCal!$B57) -> 5.5108302e+08 | H57: =SUMIFS(Data!AE$2:AE$2000,Data!$E$2:$E$2000,WeightCal!$B57) -> 3.3240335e+09 | I57: =SUMIFS(Data!AF$2:AF$2000,Data!$E$2:$E$2000,WeightCal!$B57) -> 1.4121272e+10 | J57: =SUMIFS(Data!AG$2:AG$2000,Data!$E$2:$E$2000,WeightCal!$B57) -> 1.7484854e+09 | K57: =SUMIFS(Data!AH$2:AH$2000,Data!$E$2:$E$2000,WeightCal!$B57) -> 2.1259423e+08 | L57: =SUMIFS(Data!AI$2:AI$2000,Data!$E$2:$E$2000,WeightCal!$B57) -> 1.1039023e+08 | M57: =+D57/$C57 -> 0.11559194 | N57: =+E57/$C57 -> 0.7773437 | O57: =+F57/$C57 -> 0.21517095 | P57: =+G57/$C57 -> 0.74972866 | Q57: =+H57/$C57 -> 4.5222282 | R57: =+I57/$C57 -> 19.211483 | S57: =+J57/$C57 -> 2.3787517 | T57: =+K57/$C57 -> 0.28922682 | U57: =+L57/$C57 -> 0.15018195
A58: จ.ปราจีนบุรี | B58: อ.กบินทร์บุรี | C58: =SUMIFS(Data!$Y$2:$Y$2000,Data!$E$2:$E$2000,WeightCal!B58) -> 1.4078569e+09 | D58: =SUMIFS(Data!AA$2:AA$2000,Data!$E$2:$E$2000,WeightCal!$B58) -> 3.1467872e+09 | E58: =SUMIFS(Data!AB$2:AB$2000,Data!$E$2:$E$2000,WeightCal!$B58) -> 4.0941062e+09 | F58: =SUMIFS(Data!AC$2:AC$2000,Data!$E$2:$E$2000,WeightCal!$B58) -> 1.1269422e+09 | G58: =SUMIFS(Data!AD$2:AD$2000,Data!$E$2:$E$2000,WeightCal!$B58) -> 1.6615955e+09 | H58: =SUMIFS(Data!AE$2:AE$2000,Data!$E$2:$E$2000,WeightCal!$B58) -> 2.8802432e+09 | I58: =SUMIFS(Data!AF$2:AF$2000,Data!$E$2:$E$2000,WeightCal!$B58) -> 1.219077e+10 | J58: =SUMIFS(Data!AG$2:AG$2000,Data!$E$2:$E$2000,WeightCal!$B58) -> 2.0742867e+10 | K58: =SUMIFS(Data!AH$2:AH$2000,Data!$E$2:$E$2000,WeightCal!$B58) -> 1.4775363e+09 | L58: =SUMIFS(Data!AI$2:AI$2000,Data!$E$2:$E$2000,WeightCal!$B58) -> 0 | M58: =+D58/$C58 -> 2.2351612 | N58: =+E58/$C58 -> 2.9080414 | O58: =+F58/$C58 -> 0.80046641 | P58: =+G58/$C58 -> 1.1802304 | Q58: =+H58/$C58 -> 2.0458351 | R58: =+I58/$C58 -> 8.6590972 | S58: =+J58/$C58 -> 14.733647 | T58: =+K58/$C58 -> 1.0494932 | U58: =+L58/$C58 -> 0
B59: อ.นาดี | C59: =SUMIFS(Data!$Y$2:$Y$2000,Data!$E$2:$E$2000,WeightCal!B59) -> 1.2039347e+09 | D59: =SUMIFS(Data!AA$2:AA$2000,Data!$E$2:$E$2000,WeightCal!$B59) -> 9.1373967e+08 | E59: =SUMIFS(Data!AB$2:AB$2000,Data!$E$2:$E$2000,WeightCal!$B59) -> 1.3859576e+09 | F59: =SUMIFS(Data!AC$2:AC$2000,Data!$E$2:$E$2000,WeightCal!$B59) -> 2.2774015e+08 | G59: =SUMIFS(Data!AD$2:AD$2000,Data!$E$2:$E$2000,WeightCal!$B59) -> 3.3327318e+08 | H59: =SUMIFS(Data!AE$2:AE$2000,Data!$E$2:$E$2000,WeightCal!$B59) -> 1.0576227e+09 | I59: =SUMIFS(Data!AF$2:AF$2000,Data!$E$2:$E$2000,WeightCal!$B59) -> 3.9009706e+10 | J59: =SUMIFS(Data!AG$2:AG$2000,Data!$E$2:$E$2000,WeightCal!$B59) -> 6.1167033e+09 | K59: =SUMIFS(Data!AH$2:AH$2000,Data!$E$2:$E$2000,WeightCal!$B59) -> 1.9080169e+08 | L59: =SUMIFS(Data!AI$2:AI$2000,Data!$E$2:$E$2000,WeightCal!$B59) -> 2353906.1 | M59: =+D59/$C59 -> 0.75896118 | N59: =+E59/$C59 -> 1.1511901 | O59: =+F59/$C59 -> 0.18916322 | P59: =+G59/$C59 -> 0.27681999 | Q59: =+H59/$C59 -> 0.87847183 | R59: =+I59/$C59 -> 32.401847 | S59: =+J59/$C59 -> 5.080594 | T59: =+K59/$C59 -> 0.15848176 | U59: =+L59/$C59 -> 0.0019551776
B60: อ.บ้านสร้าง | C60: =SUMIFS(Data!$Y$2:$Y$2000,Data!$E$2:$E$2000,WeightCal!B60) -> 3.7342371e+08 | D60: =SUMIFS(Data!AA$2:AA$2000,Data!$E$2:$E$2000,WeightCal!$B60) -> 1.9967197e+09 | E60: =SUMIFS(Data!AB$2:AB$2000,Data!$E$2:$E$2000,WeightCal!$B60) -> 6.2251586e+08 | F60: =SUMIFS(Data!AC$2:AC$2000,Data!$E$2:$E$2000,WeightCal!$B60) -> 6.1795238e+09 | G60: =SUMIFS(Data!AD$2:AD$2000,Data!$E$2:$E$2000,WeightCal!$B60) -> 3.6915329e+08 | H60: =SUMIFS(Data!AE$2:AE$2000,Data!$E$2:$E$2000,WeightCal!$B60) -> 1.0206418e+09 | I60: =SUMIFS(Data!AF$2:AF$2000,Data!$E$2:$E$2000,WeightCal!$B60) -> 3.3220117e+09 | J60: =SUMIFS(Data!AG$2:AG$2000,Data!$E$2:$E$2000,WeightCal!$B60) -> 7.1312433e+09 | K60: =SUMIFS(Data!AH$2:AH$2000,Data!$E$2:$E$2000,WeightCal!$B60) -> 355700.23 | L60: =SUMIFS(Data!AI$2:AI$2000,Data!$E$2:$E$2000,WeightCal!$B60) -> 177850.11 | M60: =+D60/$C60 -> 5.3470618 | N60: =+E60/$C60 -> 1.6670496 | O60: =+F60/$C60 -> 16.54829 | P60: =+G60/$C60 -> 0.98856414 | Q60: =+H60/$C60 -> 2.7332004 | R60: =+I60/$C60 -> 8.8960921 | S60: =+J60/$C60 -> 19.096921 | T60: =+K60/$C60 -> 0.00095253787 | U60: =+L60/$C60 -> 0.00047626893
B61: อ.ประจันตคาม | C61: =SUMIFS(Data!$Y$2:$Y$2000,Data!$E$2:$E$2000,WeightCal!B61) -> 9.4726762e+08 | D61: =SUMIFS(Data!AA$2:AA$2000,Data!$E$2:$E$2000,WeightCal!$B61) -> 1.1082417e+10 | E61: =SUMIFS(Data!AB$2:AB$2000,Data!$E$2:$E$2000,WeightCal!$B61) -> 2.791124e+09 | F61: =SUMIFS(Data!AC$2:AC$2000,Data!$E$2:$E$2000,WeightCal!$B61) -> 4.6521775e+08 | G61: =SUMIFS(Data!AD$2:AD$2000,Data!$E$2:$E$2000,WeightCal!$B61) -> 8.1407983e+08 | H61: =SUMIFS(Data!AE$2:AE$2000,Data!$E$2:$E$2000,WeightCal!$B61) -> 1.0719041e+10 | I61: =SUMIFS(Data!AF$2:AF$2000,Data!$E$2:$E$2000,WeightCal!$B61) -> 3.0788357e+10 | J61: =SUMIFS(Data!AG$2:AG$2000,Data!$E$2:$E$2000,WeightCal!$B61) -> 8.2115624e+09 | K61: =SUMIFS(Data!AH$2:AH$2000,Data!$E$2:$E$2000,WeightCal!$B61) -> 2.3261053e+08 | L61: =SUMIFS(Data!AI$2:AI$2000,Data!$E$2:$E$2000,WeightCal!$B61) -> 0 | M61: =+D61/$C61 -> 11.699352 | N61: =+E61/$C61 -> 2.9464999 | O61: =+F61/$C61 -> 0.49111543 | P61: =+G61/$C61 -> 0.85939792 | Q61: =+H61/$C61 -> 11.315747 | R61: =+I61/$C61 -> 32.502279 | S61: =+J61/$C61 -> 8.6686826 | T61: =+K61/$C61 -> 0.24555947 | U61: =+L61/$C61 -> 0
B62: อ.เมืองปราจีนบุรี | C62: =SUMIFS(Data!$Y$2:$Y$2000,Data!$E$2:$E$2000,WeightCal!B62) -> 4.7412143e+08 | D62: =SUMIFS(Data!AA$2:AA$2000,Data!$E$2:$E$2000,WeightCal!$B62) -> 2.2130566e+09 | E62: =SUMIFS(Data!AB$2:AB$2000,Data!$E$2:$E$2000,WeightCal!$B62) -> 3.9079258e+08 | F62: =SUMIFS(Data!AC$2:AC$2000,Data!$E$2:$E$2000,WeightCal!$B62) -> 7.2655884e+08 | G62: =SUMIFS(Data!AD$2:AD$2000,Data!$E$2:$E$2000,WeightCal!$B62) -> 3.8739109e+08 | H62: =SUMIFS(Data!AE$2:AE$2000,Data!$E$2:$E$2000,WeightCal!$B62) -> 1.4054888e+09 | I62: =SUMIFS(Data!AF$2:AF$2000,Data!$E$2:$E$2000,WeightCal!$B62) -> 8.8843197e+09 | J62: =SUMIFS(Data!AG$2:AG$2000,Data!$E$2:$E$2000,WeightCal!$B62) -> 1.309859e+10 | K62: =SUMIFS(Data!AH$2:AH$2000,Data!$E$2:$E$2000,WeightCal!$B62) -> 4894961.4 | L62: =SUMIFS(Data!AI$2:AI$2000,Data!$E$2:$E$2000,WeightCal!$B62) -> 0 | M62: =+D62/$C62 -> 4.6677 | N62: =+E62/$C62 -> 0.82424577 | O62: =+F62/$C62 -> 1.532432 | P62: =+G62/$C62 -> 0.81707146 | Q62: =+H62/$C62 -> 2.9644069 | R62: =+I62/$C62 -> 18.73849 | S62: =+J62/$C62 -> 27.627078 | T62: =+K62/$C62 -> 0.010324278 | U62: =+L62/$C62 -> 0
B63: อ.ศรีมหาโพธิ | C63: =SUMIFS(Data!$Y$2:$Y$2000,Data!$E$2:$E$2000,WeightCal!B63) -> 4.8428104e+08 | D63: =SUMIFS(Data!AA$2:AA$2000,Data!$E$2:$E$2000,WeightCal!$B63) -> 8.21193e+08 | E63: =SUMIFS(Data!AB$2:AB$2000,Data!$E$2:$E$2000,WeightCal!$B63) -> 2.5856146e+09 | F63: =SUMIFS(Data!AC$2:AC$2000,Data!$E$2:$E$2000,WeightCal!$B63) -> 1.2418696e+09 | G63: =SUMIFS(Data!AD$2:AD$2000,Data!$E$2:$E$2000,WeightCal!$B63) -> 1.8042524e+09 | H63: =SUMIFS(Data!AE$2:AE$2000,Data!$E$2:$E$2000,WeightCal!$B63) -> 1.9309085e+09 | I63: =SUMIFS(Data!AF$2:AF$2000,Data!$E$2:$E$2000,WeightCal!$B63) -> 1.7760174e+09 | J63: =SUMIFS(Data!AG$2:AG$2000,Data!$E$2:$E$2000,WeightCal!$B63) -> 1.2042314e+10 | K63: =SUMIFS(Data!AH$2:AH$2000,Data!$E$2:$E$2000,WeightCal!$B63) -> 2.7886509e+09 | L63: =SUMIFS(Data!AI$2:AI$2000,Data!$E$2:$E$2000,WeightCal!$B63) -> 0 | M63: =+D63/$C63 -> 1.6956951 | N63: =+E63/$C63 -> 5.3390788 | O63: =+F63/$C63 -> 2.5643573 | P63: =+G63/$C63 -> 3.7256308 | Q63: =+H63/$C63 -> 3.9871652 | R63: =+I63/$C63 -> 3.6673279 | S63: =+J63/$C63 -> 24.866374 | T63: =+K63/$C63 -> 5.7583318 | U63: =+L63/$C63 -> 0
B64: อ.ศรีมโหสถ | C64: =SUMIFS(Data!$Y$2:$Y$2000,Data!$E$2:$E$2000,WeightCal!B64) -> 1.4134137e+08 | D64: =SUMIFS(Data!AA$2:AA$2000,Data!$E$2:$E$2000,WeightCal!$B64) -> 2.3402626e+08 | E64: =SUMIFS(Data!AB$2:AB$2000,Data!$E$2:$E$2000,WeightCal!$B64) -> 1.3375703e+09 | F64: =SUMIFS(Data!AC$2:AC$2000,Data!$E$2:$E$2000,WeightCal!$B64) -> 1.0995624e+09 | G64: =SUMIFS(Data!AD$2:AD$2000,Data!$E$2:$E$2000,WeightCal!$B64) -> 6.1206348e+08 | H64: =SUMIFS(Data!AE$2:AE$2000,Data!$E$2:$E$2000,WeightCal!$B64) -> 1.0681581e+09 | I64: =SUMIFS(Data!AF$2:AF$2000,Data!$E$2:$E$2000,WeightCal!$B64) -> 8.3768833e+08 | J64: =SUMIFS(Data!AG$2:AG$2000,Data!$E$2:$E$2000,WeightCal!$B64) -> 3.9541526e+09 | K64: =SUMIFS(Data!AH$2:AH$2000,Data!$E$2:$E$2000,WeightCal!$B64) -> 4.4117829e+08 | L64: =SUMIFS(Data!AI$2:AI$2000,Data!$E$2:$E$2000,WeightCal!$B64) -> 138257.36 | M64: =+D64/$C64 -> 1.655752 | N64: =+E64/$C64 -> 9.4634029 | O64: =+F64/$C64 -> 7.7794806 | P64: =+G64/$C64 -> 4.3303916 | Q64: =+H64/$C64 -> 7.557293 | R64: =+I64/$C64 -> 5.9267031 | S64: =+J64/$C64 -> 27.975904 | T64: =+K64/$C64 -> 3.121367 | U64: =+L64/$C64 -> 0.00097818046
A65: จ.นครนายก | B65: อ.บ้านนา | C65: =SUMIFS(Data!$Y$2:$Y$2000,Data!$E$2:$E$2000,WeightCal!B65) -> 3.6169981e+08 | D65: =SUMIFS(Data!AA$2:AA$2000,Data!$E$2:$E$2000,WeightCal!$B65) -> 1.9865856e+09 | E65: =SUMIFS(Data!AB$2:AB$2000,Data!$E$2:$E$2000,WeightCal!$B65) -> 1625232.1 | F65: =SUMIFS(Data!AC$2:AC$2000,Data!$E$2:$E$2000,WeightCal!$B65) -> 1.4594811e+08 | G65: =SUMIFS(Data!AD$2:AD$2000,Data!$E$2:$E$2000,WeightCal!$B65) -> 2.7389446e+08 | H65: =SUMIFS(Data!AE$2:AE$2000,Data!$E$2:$E$2000,WeightCal!$B65) -> 4.7678161e+08 | I65: =SUMIFS(Data!AF$2:AF$2000,Data!$E$2:$E$2000,WeightCal!$B65) -> 2.7259816e+09 | J65: =SUMIFS(Data!AG$2:AG$2000,Data!$E$2:$E$2000,WeightCal!$B65) -> 1.0042947e+10 | K65: =SUMIFS(Data!AH$2:AH$2000,Data!$E$2:$E$2000,WeightCal!$B65) -> 1.606966e+08 | L65: =SUMIFS(Data!AI$2:AI$2000,Data!$E$2:$E$2000,WeightCal!$B65) -> 2.8115967e+08 | M65: =+D65/$C65 -> 5.4923602 | N65: =+E65/$C65 -> 0.0044933176 | O65: =+F65/$C65 -> 0.40350619 | P65: =+G65/$C65 -> 0.75724249 | Q65: =+H65/$C65 -> 1.3181694 | R65: =+I65/$C65 -> 7.5365857 | S65: =+J65/$C65 -> 27.765972 | T65: =+K65/$C65 -> 0.44428168 | U65: =+L65/$C65 -> 0.77732879
B66: อ.ปากพลี | C66: =SUMIFS(Data!$Y$2:$Y$2000,Data!$E$2:$E$2000,WeightCal!B66) -> 4.4039308e+08 | D66: =SUMIFS(Data!AA$2:AA$2000,Data!$E$2:$E$2000,WeightCal!$B66) -> 1.6259048e+09 | E66: =SUMIFS(Data!AB$2:AB$2000,Data!$E$2:$E$2000,WeightCal!$B66) -> 7.3335375e+08 | F66: =SUMIFS(Data!AC$2:AC$2000,Data!$E$2:$E$2000,WeightCal!$B66) -> 1.1166714e+09 | G66: =SUMIFS(Data!AD$2:AD$2000,Data!$E$2:$E$2000,WeightCal!$B66) -> 9.5337824e+08 | H66: =SUMIFS(Data!AE$2:AE$2000,Data!$E$2:$E$2000,WeightCal!$B66) -> 5.9763954e+08 | I66: =SUMIFS(Data!AF$2:AF$2000,Data!$E$2:$E$2000,WeightCal!$B66) -> 1.8626173e+10 | J66: =SUMIFS(Data!AG$2:AG$2000,Data!$E$2:$E$2000,WeightCal!$B66) -> 1.6158939e+10 | K66: =SUMIFS(Data!AH$2:AH$2000,Data!$E$2:$E$2000,WeightCal!$B66) -> 62609303 | L66: =SUMIFS(Data!AI$2:AI$2000,Data!$E$2:$E$2000,WeightCal!$B66) -> 844496.39 | M66: =+D66/$C66 -> 3.6919398 | N66: =+E66/$C66 -> 1.6652254 | O66: =+F66/$C66 -> 2.5356242 | P66: =+G66/$C66 -> 2.1648347 | Q66: =+H66/$C66 -> 1.3570593 | R66: =+I66/$C66 -> 42.294428 | S66: =+J66/$C66 -> 36.692083 | T66: =+K66/$C66 -> 0.14216686 | U66: =+L66/$C66 -> 0.0019175969
B67: อ.เมืองนครนายก | C67: =SUMIFS(Data!$Y$2:$Y$2000,Data!$E$2:$E$2000,WeightCal!B67) -> 8.1712459e+08 | D67: =SUMIFS(Data!AA$2:AA$2000,Data!$E$2:$E$2000,WeightCal!$B67) -> 6.2856052e+09 | E67: =SUMIFS(Data!AB$2:AB$2000,Data!$E$2:$E$2000,WeightCal!$B67) -> 3.1188201e+09 | F67: =SUMIFS(Data!AC$2:AC$2000,Data!$E$2:$E$2000,WeightCal!$B67) -> 1.976835e+09 | G67: =SUMIFS(Data!AD$2:AD$2000,Data!$E$2:$E$2000,WeightCal!$B67) -> 1.0114961e+09 | H67: =SUMIFS(Data!AE$2:AE$2000,Data!$E$2:$E$2000,WeightCal!$B67) -> 1.86993e+09 | I67: =SUMIFS(Data!AF$2:AF$2000,Data!$E$2:$E$2000,WeightCal!$B67) -> 2.7077022e+10 | J67: =SUMIFS(Data!AG$2:AG$2000,Data!$E$2:$E$2000,WeightCal!$B67) -> 2.7747447e+10 | K67: =SUMIFS(Data!AH$2:AH$2000,Data!$E$2:$E$2000,WeightCal!$B67) -> 2.4385278e+08 | L67: =SUMIFS(Data!AI$2:AI$2000,Data!$E$2:$E$2000,WeightCal!$B67) -> 18630204 | M67: =+D67/$C67 -> 7.6923462 | N67: =+E67/$C67 -> 3.8168232 | O67: =+F67/$C67 -> 2.4192578 | P67: =+G67/$C67 -> 1.2378725 | Q67: =+H67/$C67 -> 2.2884271 | R67: =+I67/$C67 -> 33.136957 | S67: =+J67/$C67 -> 33.957425 | T67: =+K67/$C67 -> 0.2984279 | U67: =+L67/$C67 -> 0.022799711
B68: อ.องครักษ์ | C68: =SUMIFS(Data!$Y$2:$Y$2000,Data!$E$2:$E$2000,WeightCal!B68) -> 5.2207397e+08 | D68: =SUMIFS(Data!AA$2:AA$2000,Data!$E$2:$E$2000,WeightCal!$B68) -> 6.7715335e+08 | E68: =SUMIFS(Data!AB$2:AB$2000,Data!$E$2:$E$2000,WeightCal!$B68) -> 1.0214933e+08 | F68: =SUMIFS(Data!AC$2:AC$2000,Data!$E$2:$E$2000,WeightCal!$B68) -> 2.0531753e+09 | G68: =SUMIFS(Data!AD$2:AD$2000,Data!$E$2:$E$2000,WeightCal!$B68) -> 9.3024219e+08 | H68: =SUMIFS(Data!AE$2:AE$2000,Data!$E$2:$E$2000,WeightCal!$B68) -> 4.8491464e+08 | I68: =SUMIFS(Data!AF$2:AF$2000,Data!$E$2:$E$2000,WeightCal!$B68) -> 7.8538231e+09 | J68: =SUMIFS(Data!AG$2:AG$2000,Data!$E$2:$E$2000,WeightCal!$B68) -> 1.1410022e+10 | K68: =SUMIFS(Data!AH$2:AH$2000,Data!$E$2:$E$2000,WeightCal!$B68) -> 19767427 | L68: =SUMIFS(Data!AI$2:AI$2000,Data!$E$2:$E$2000,WeightCal!$B68) -> 5179813.9 | M68: =+D68/$C68 -> 1.2970448 | N68: =+E68/$C68 -> 0.19566064 | O68: =+F68/$C68 -> 3.9327288 | P68: =+G68/$C68 -> 1.7818207 | Q68: =+H68/$C68 -> 0.92882362 | R68: =+I68/$C68 -> 15.043506 | S68: =+J68/$C68 -> 21.855183 | T68: =+K68/$C68 -> 0.037863269 | U68: =+L68/$C68 -> 0.0099216091
A69: หมายเหตุ จากแบบจำลอง ECMWF 01:00 น. 26/8/2567

Sheet สรุปรายวัน (อ.)
A1: ปริมาณฝนคาดการณ์ระหว่างวันที่ 27 กันยายน - 5 ตุลาคม 2567
A2: จังหวัด | B2: อำเภอ | C2: อำเภอ | D2: ปริมาณฝนพยากรณ์ (มม.)
D3: 1 วัน | E3: 2 วัน | F3: 3 วัน | G3: 4 วัน | H3: 5 วัน | I3: 6 วัน | J3: 7 วัน | K3: 8 วัน | L3: 9 วัน
D4: 45562 | E4: =+D4+1 -> 45563 | F4: =+E4+1 -> 45564 | G4: =+F4+1 -> 45565 | H4: =+G4+1 -> 45566 | I4: =+H4+1 -> 45567 | J4: =+I4+1 -> 45568 | K4: =+J4+1 -> 45569 | L4: =+K4+1 -> 45570
A5: จ.ฉะเชิงเทรา | B5: อ.คลองเขื่อน | C5: อ.คลองเขื่อน | D5: =+WeightCal!M3 -> 59.706233 | E5: =+WeightCal!N3 -> 2.1021633 | F5: =+WeightCal!O3 -> 7.895977 | G5: =+WeightCal!P3 -> 0.14258575 | H5: =+WeightCal!Q3 -> 1.2995983 | I5: =+WeightCal!R3 -> 12.11104 | J5: =+WeightCal!S3 -> 30.5045 | K5: =+WeightCal!T3 -> 0.0041380457 | L5: =+WeightCal!U3 -> 0
B6: อ.ท่าตะเกียบ | C6: อ.ท่าตะเกียบ | D6: =+WeightCal!M4 -> 10.352768 | E6: =+WeightCal!N4 -> 4.0059375 | F6: =+WeightCal!O4 -> 2.2455871 | G6: =+WeightCal!P4 -> 0.53955483 | H6: =+WeightCal!Q4 -> 7.0213853 | I6: =+WeightCal!R4 -> 10.351372 | J6: =+WeightCal!S4 -> 23.687621 | K6: =+WeightCal!T4 -> 0.67261403 | L6: =+WeightCal!U4 -> 0.013431859
B7: อ.บางคล้า | C7: อ.บางคล้า | D7: =+WeightCal!M5 -> 44.954346 | E7: =+WeightCal!N5 -> 1.6329144 | F7: =+WeightCal!O5 -> 8.3703503 | G7: =+WeightCal!P5 -> 0.071943866 | H7: =+WeightCal!Q5 -> 1.536547 | I7: =+WeightCal!R5 -> 14.782892 | J7: =+WeightCal!S5 -> 22.965436 | K7: =+WeightCal!T5 -> 0.21137804 | L7: =+WeightCal!U5 -> 0
B8: อ.บางน้ำเปรี้ยว | C8: อ.บางน้ำเปรี้ยว | D8: =+WeightCal!M6 -> 13.801367 | E8: =+WeightCal!N6 -> 0.12393174 | F8: =+WeightCal!O6 -> 29.777503 | G8: =+WeightCal!P6 -> 0.79250131 | H8: =+WeightCal!Q6 -> 0.53349998 | I8: =+WeightCal!R6 -> 13.202342 | J8: =+WeightCal!S6 -> 6.2498233 | K8: =+WeightCal!T6 -> 0 | L8: =+WeightCal!U6 -> 0
B9: อ.บางปะกง | C9: อ.บางปะกง | D9: =+WeightCal!M7 -> 5.034728 | E9: =+WeightCal!N7 -> 5.3014893 | F9: =+WeightCal!O7 -> 1.9575286 | G9: =+WeightCal!P7 -> 10.770971 | H9: =+WeightCal!Q7 -> 3.0387504 | I9: =+WeightCal!R7 -> 18.800386 | J9: =+WeightCal!S7 -> 9.2480215 | K9: =+WeightCal!T7 -> 0.17540667 | L9: =+WeightCal!U7 -> 0
B10: อ.บ้านโพธิ์ | C10: อ.บ้านโพธิ์ | D10: =+WeightCal!M8 -> 12.983452 | E10: =+WeightCal!N8 -> 0.96974465 | F10: =+WeightCal!O8 -> 1.6695988 | G10: =+WeightCal!P8 -> 4.3060819 | H10: =+WeightCal!Q8 -> 1.3064575 | I10: =+WeightCal!R8 -> 10.556195 | J10: =+WeightCal!S8 -> 16.953443 | K10: =+WeightCal!T8 -> 0.14963773 | L10: =+WeightCal!U8 -> 0.0007107295
B11: อ.แปลงยาว | C11: อ.แปลงยาว | D11: =+WeightCal!M9 -> 39.864449 | E11: =+WeightCal!N9 -> 2.7956981 | F11: =+WeightCal!O9 -> 0.59393463 | G11: =+WeightCal!P9 -> 2.42999 | H11: =+WeightCal!Q9 -> 1.8893967 | I11: =+WeightCal!R9 -> 13.194534 | J11: =+WeightCal!S9 -> 20.05646 | K11: =+WeightCal!T9 -> 0.22786994 | L11: =+WeightCal!U9 -> 0.016271892
B12: อ.พนมสารคาม | C12: อ.พนมสารคาม | D12: =+WeightCal!M10 -> 15.875251 | E12: =+WeightCal!N10 -> 3.987404 | F12: =+WeightCal!O10 -> 6.8265637 | G12: =+WeightCal!P10 -> 5.2350737 | H12: =+WeightCal!Q10 -> 1.124581 | I12: =+WeightCal!R10 -> 11.210922 | J12: =+WeightCal!S10 -> 9.4449733 | K12: =+WeightCal!T10 -> 6.4530558 | L12: =+WeightCal!U10 -> 0.04624846
B13: อ.เมืองฉะเชิงเทรา | C13: อ.เมืองฉะเชิงเทรา | D13: =+WeightCal!M11 -> 15.297487 | E13: =+WeightCal!N11 -> 0.90099159 | F13: =+WeightCal!O11 -> 11.625573 | G13: =+WeightCal!P11 -> 1.854963 | H13: =+WeightCal!Q11 -> 1.7285108 | I13: =+WeightCal!R11 -> 15.220367 | J13: =+WeightCal!S11 -> 19.184928 | K13: =+WeightCal!T11 -> 0.10119916 | L13: =+WeightCal!U11 -> 0
B14: อ.ราชสาส์น | C14: อ.ราชสาส์น | D14: =+WeightCal!M12 -> 31.896397 | E14: =+WeightCal!N12 -> 3.9405064 | F14: =+WeightCal!O12 -> 9.798595 | G14: =+WeightCal!P12 -> 0.049577412 | H14: =+WeightCal!Q12 -> 0.61360234 | I14: =+WeightCal!R12 -> 9.506789 | J14: =+WeightCal!S12 -> 18.460776 | K14: =+WeightCal!T12 -> 0.43232046 | L14: =+WeightCal!U12 -> 0.0024503702
B15: อ.สนามชัยเขต | C15: อ.สนามชัยเขต | D15: =+WeightCal!M13 -> 4.9969129 | E15: =+WeightCal!N13 -> 7.9429809 | F15: =+WeightCal!O13 -> 1.6962705 | G15: =+WeightCal!P13 -> 0.39946743 | H15: =+WeightCal!Q13 -> 0.92618452 | I15: =+WeightCal!R13 -> 8.1110961 | J15: =+WeightCal!S13 -> 14.916259 | K15: =+WeightCal!T13 -> 0.59298272 | L15: =+WeightCal!U13 -> 0.088709603
A16: จ.ชลบุรี | B16: อ.เกาะจันทร์ | C16: อ.เกาะจันทร์ | D16: =+WeightCal!M14 -> 12.996689 | E16: =+WeightCal!N14 -> 0.044824721 | F16: =+WeightCal!O14 -> 0.74273465 | G16: =+WeightCal!P14 -> 1.4868635 | H16: =+WeightCal!Q14 -> 0.6975657 | I16: =+WeightCal!R14 -> 11.678831 | J16: =+WeightCal!S14 -> 8.5287444 | K16: =+WeightCal!T14 -> 0.0055813941 | L16: =+WeightCal!U14 -> 0
B17: อ.บ่อทอง | C17: อ.บ่อทอง | D17: =+WeightCal!M15 -> 2.4160875 | E17: =+WeightCal!N15 -> 0.30221256 | F17: =+WeightCal!O15 -> 1.6811438 | G17: =+WeightCal!P15 -> 3.2528141 | H17: =+WeightCal!Q15 -> 5.819024 | I17: =+WeightCal!R15 -> 21.934793 | J17: =+WeightCal!S15 -> 10.908795 | K17: =+WeightCal!T15 -> 3.9564146 | L17: =+WeightCal!U15 -> 0.07984079
B18: อ.บางละมุง | C18: อ.บางละมุง | D18: =+WeightCal!M16 -> 0.75345514 | E18: =+WeightCal!N16 -> 2.8632447 | F18: =+WeightCal!O16 -> 1.9378894 | G18: =+WeightCal!P16 -> 0.22487523 | H18: =+WeightCal!Q16 -> 3.5251466 | I18: =+WeightCal!R16 -> 27.28563 | J18: =+WeightCal!S16 -> 8.6305919 | K18: =+WeightCal!T16 -> 25.474663 | L18: =+WeightCal!U16 -> 3.4961527
B19: อ.บ้านบึง | C19: อ.บ้านบึง | D19: =+WeightCal!M17 -> 0.8448702 | E19: =+WeightCal!N17 -> 6.1558849 | F19: =+WeightCal!O17 -> 7.219868 | G19: =+WeightCal!P17 -> 6.7451709 | H19: =+WeightCal!Q17 -> 0.27343027 | I19: =+WeightCal!R17 -> 54.972986 | J19: =+WeightCal!S17 -> 4.3073337 | K19: =+WeightCal!T17 -> 1.5691078 | L19: =+WeightCal!U17 -> 0
B20: อ.พนัสนิคม | C20: อ.พนัสนิคม | D20: =+WeightCal!M18 -> 8.3452559 | E20: =+WeightCal!N18 -> 3.9639028 | F20: =+WeightCal!O18 -> 2.1165558 | G20: =+WeightCal!P18 -> 9.1960875 | H20: =+WeightCal!Q18 -> 0.6212625 | I20: =+WeightCal!R18 -> 19.226554 | J20: =+WeightCal!S18 -> 3.6528844 | K20: =+WeightCal!T18 -> 0.0066887529 | L20: =+WeightCal!U18 -> 8.3366053e-05
B21: อ.พานทอง | C21: อ.พานทอง | D21: =+WeightCal!M19 -> 2.0854047 | E21: =+WeightCal!N19 -> 28.077012 | F21: =+WeightCal!O19 -> 10.580299 | G21: =+WeightCal!P19 -> 3.164329 | H21: =+WeightCal!Q19 -> 0.26304141 | I21: =+WeightCal!R19 -> 53.5936 | J21: =+WeightCal!S19 -> 2.3516156 | K21: =+WeightCal!T19 -> 0.00022727035 | L21: =+WeightCal!U19 -> 0
B22: อ.เมืองชลบุรี | C22: อ.เมืองชลบุรี | D22: =+WeightCal!M20 -> 1.5419595 | E22: =+WeightCal!N20 -> 14.055567 | F22: =+WeightCal!O20 -> 6.016206 | G22: =+WeightCal!P20 -> 2.8339935 | H22: =+WeightCal!Q20 -> 1.1614248 | I22: =+WeightCal!R20 -> 35.600895 | J22: =+WeightCal!S20 -> 3.9218711 | K22: =+WeightCal!T20 -> 0.37137598 | L22: =+WeightCal!U20 -> 0.015609757
B23: อ.ศรีราชา | C23: อ.ศรีราชา | D23: =+WeightCal!M21 -> 2.5812828 | E23: =+WeightCal!N21 -> 2.0694172 | F23: =+WeightCal!O21 -> 9.4431278 | G23: =+WeightCal!P21 -> 3.5086832 | H23: =+WeightCal!Q21 -> 0.47673925 | I23: =+WeightCal!R21 -> 45.415394 | J23: =+WeightCal!S21 -> 4.0542695 | K23: =+WeightCal!T21 -> 6.181386 | L23: =+WeightCal!U21 -> 0.18128682
B24: อ.สัตหีบ | C24: อ.สัตหีบ | D24: =+WeightCal!M22 -> 1.6763694 | E24: =+WeightCal!N22 -> 1.6773276 | F24: =+WeightCal!O22 -> 0.64799917 | G24: =+WeightCal!P22 -> 1.0166552 | H24: =+WeightCal!Q22 -> 1.7386195 | I24: =+WeightCal!R22 -> 23.056687 | J24: =+WeightCal!S22 -> 11.001875 | K24: =+WeightCal!T22 -> 8.2808154 | L24: =+WeightCal!U22 -> 6.5532007
B25: อ.หนองใหญ่ | C25: อ.หนองใหญ่ | D25: =+WeightCal!M23 -> 0.97850473 | E25: =+WeightCal!N23 -> 1.4104572 | F25: =+WeightCal!O23 -> 0.84131422 | G25: =+WeightCal!P23 -> 1.4842602 | H25: =+WeightCal!Q23 -> 6.0665381 | I25: =+WeightCal!R23 -> 27.15239 | J25: =+WeightCal!S23 -> 6.1589574 | K25: =+WeightCal!T23 -> 6.1553522 | L25: =+WeightCal!U23 -> 0.062834039
A26: จ.ระยอง | B26: อ.แกลง | C26: อ.แกลง | D26: =+WeightCal!M24 -> 1.7386327 | E26: =+WeightCal!N24 -> 0.11107487 | F26: =+WeightCal!O24 -> 1.7941489 | G26: =+WeightCal!P24 -> 11.074765 | H26: =+WeightCal!Q24 -> 1.7077785 | I26: =+WeightCal!R24 -> 9.941733 | J26: =+WeightCal!S24 -> 9.5535216 | K26: =+WeightCal!T24 -> 18.408666 | L26: =+WeightCal!U24 -> 5.3669106
B27: อ.เขาชะเมา | C27: อ.เขาชะเมา | D27: =+WeightCal!M25 -> 14.060224 | E27: =+WeightCal!N25 -> 0.073463224 | F27: =+WeightCal!O25 -> 0.25584376 | G27: =+WeightCal!P25 -> 3.673471 | H27: =+WeightCal!Q25 -> 19.608153 | I27: =+WeightCal!R25 -> 7.1995515 | J27: =+WeightCal!S25 -> 10.670714 | K27: =+WeightCal!T25 -> 3.9043478 | L27: =+WeightCal!U25 -> 0.23055639
B28: อ.นิคมพัฒนา | C28: อ.นิคมพัฒนา | D28: =+WeightCal!M26 -> 0.035092555 | E28: =+WeightCal!N26 -> 0.2881234 | F28: =+WeightCal!O26 -> 0.20997635 | G28: =+WeightCal!P26 -> 0.90138214 | H28: =+WeightCal!Q26 -> 16.549694 | I28: =+WeightCal!R26 -> 25.097592 | J28: =+WeightCal!S26 -> 21.114114 | K28: =+WeightCal!T26 -> 18.325975 | L28: =+WeightCal!U26 -> 2.3092462
B29: อ.บ้านค่าย | C29: อ.บ้านค่าย | D29: =+WeightCal!M27 -> 7.1610993 | E29: =+WeightCal!N27 -> 4.7068802 | F29: =+WeightCal!O27 -> 2.8137971 | G29: =+WeightCal!P27 -> 4.459335 | H29: =+WeightCal!Q27 -> 7.9654371 | I29: =+WeightCal!R27 -> 19.412867 | J29: =+WeightCal!S27 -> 12.135958 | K29: =+WeightCal!T27 -> 21.992373 | L29: =+WeightCal!U27 -> 2.7857737
B30: อ.บ้านฉาง | C30: อ.บ้านฉาง | D30: =+WeightCal!M28 -> 0.17289533 | E30: =+WeightCal!N28 -> 3.6347327 | F30: =+WeightCal!O28 -> 0.11702073 | G30: =+WeightCal!P28 -> 1.4150592 | H30: =+WeightCal!Q28 -> 7.0982301 | I30: =+WeightCal!R28 -> 30.396151 | J30: =+WeightCal!S28 -> 9.3323381 | K30: =+WeightCal!T28 -> 17.725288 | L30: =+WeightCal!U28 -> 4.9845554
B31: อ.ปลวกแดง | C31: อ.ปลวกแดง | D31: =+WeightCal!M29 -> 3.933286 | E31: =+WeightCal!N29 -> 1.3774104 | F31: =+WeightCal!O29 -> 0.35773414 | G31: =+WeightCal!P29 -> 0.8594358 | H31: =+WeightCal!Q29 -> 8.2478284 | I31: =+WeightCal!R29 -> 48.000489 | J31: =+WeightCal!S29 -> 11.340118 | K31: =+WeightCal!T29 -> 11.901653 | L31: =+WeightCal!U29 -> 0.7439021
B32: อ.เมืองระยอง | C32: อ.เมืองระยอง | D32: =+WeightCal!M30 -> 0.40775771 | E32: =+WeightCal!N30 -> 1.3479295 | F32: =+WeightCal!O30 -> 0.44361927 | G32: =+WeightCal!P30 -> 4.504657 | H32: =+WeightCal!Q30 -> 22.213526 | I32: =+WeightCal!R30 -> 14.14676 | J32: =+WeightCal!S30 -> 13.680965 | K32: =+WeightCal!T30 -> 35.13014 | L32: =+WeightCal!U30 -> 14.208924
B33: อ.วังจันทร์ | C33: อ.วังจันทร์ | D33: =+WeightCal!M31 -> 5.9087501 | E33: =+WeightCal!N31 -> 0.16127284 | F33: =+WeightCal!O31 -> 1.5838021 | G33: =+WeightCal!P31 -> 5.2261521 | H33: =+WeightCal!Q31 -> 10.823106 | I33: =+WeightCal!R31 -> 6.2425223 | J33: =+WeightCal!S31 -> 17.581909 | K33: =+WeightCal!T31 -> 4.9834152 | L33: =+WeightCal!U31 -> 0.38866607
A34: จ.จันทบุรี | B34: อ.แก่งหางแมว | C34: อ.แก่งหางแมว | D34: =+WeightCal!M32 -> 20.107045 | E34: =+WeightCal!N32 -> 0.27227341 | F34: =+WeightCal!O32 -> 0.80720288 | G34: =+WeightCal!P32 -> 2.629541 | H34: =+WeightCal!Q32 -> 25.630373 | I34: =+WeightCal!R32 -> 13.89092 | J34: =+WeightCal!S32 -> 11.959479 | K34: =+WeightCal!T32 -> 2.3744538 | L34: =+WeightCal!U32 -> 0.5925625
B35: อ.ขลุง | C35: อ.ขลุง | D35: =+WeightCal!M33 -> 7.3424421 | E35: =+WeightCal!N33 -> 0.12906872 | F35: =+WeightCal!O33 -> 1.0446078 | G35: =+WeightCal!P33 -> 1.978089 | H35: =+WeightCal!Q33 -> 4.806596 | I35: =+WeightCal!R33 -> 6.382977 | J35: =+WeightCal!S33 -> 10.437509 | K35: =+WeightCal!T33 -> 5.5500306 | L35: =+WeightCal!U33 -> 16.642334
B36: อ.เขาคิชฌกูฏ | C36: อ.เขาคิชฌกูฏ | D36: =+WeightCal!M34 -> 26.949777 | E36: =+WeightCal!N34 -> 0.39447356 | F36: =+WeightCal!O34 -> 0.34556886 | G36: =+WeightCal!P34 -> 4.2186016 | H36: =+WeightCal!Q34 -> 12.481803 | I36: =+WeightCal!R34 -> 25.601466 | J36: =+WeightCal!S34 -> 15.364227 | K36: =+WeightCal!T34 -> 3.544741 | L36: =+WeightCal!U34 -> 2.2233539
B37: อ.ท่าใหม่ | C37: อ.ท่าใหม่ | D37: =+WeightCal!M35 -> 5.4948321 | E37: =+WeightCal!N35 -> 0.20357405 | F37: =+WeightCal!O35 -> 0.32362871 | G37: =+WeightCal!P35 -> 3.8819986 | H37: =+WeightCal!Q35 -> 4.1552589 | I37: =+WeightCal!R35 -> 7.6578775 | J37: =+WeightCal!S35 -> 23.978525 | K37: =+WeightCal!T35 -> 9.8264536 | L37: =+WeightCal!U35 -> 5.8327907
B38: อ.นายายอาม | C38: อ.นายายอาม | D38: =+WeightCal!M36 -> 2.7119971 | E38: =+WeightCal!N36 -> 0.15625174 | F38: =+WeightCal!O36 -> 2.6837978 | G38: =+WeightCal!P36 -> 2.3218364 | H38: =+WeightCal!Q36 -> 2.6576552 | I38: =+WeightCal!R36 -> 6.8842455 | J38: =+WeightCal!S36 -> 32.325031 | K38: =+WeightCal!T36 -> 4.8723189 | L38: =+WeightCal!U36 -> 6.9111112
B39: อ.โป่งน้ำร้อน | C39: อ.โป่งน้ำร้อน | D39: =+WeightCal!M37 -> 9.0246887 | E39: =+WeightCal!N37 -> 1.732133 | F39: =+WeightCal!O37 -> 0.22065481 | G39: =+WeightCal!P37 -> 1.7549483 | H39: =+WeightCal!Q37 -> 27.447248 | I39: =+WeightCal!R37 -> 17.352689 | J39: =+WeightCal!S37 -> 14.363682 | K39: =+WeightCal!T37 -> 3.9584287 | L39: =+WeightCal!U37 -> 1.261636
B40: อ.มะขาม | C40: อ.มะขาม | D40: =+WeightCal!M38 -> 12.137641 | E40: =+WeightCal!N38 -> 2.3065262 | F40: =+WeightCal!O38 -> 2.5635814 | G40: =+WeightCal!P38 -> 2.0021369 | H40: =+WeightCal!Q38 -> 14.058224 | I40: =+WeightCal!R38 -> 12.998083 | J40: =+WeightCal!S38 -> 7.299644 | K40: =+WeightCal!T38 -> 2.0368919 | L40: =+WeightCal!U38 -> 3.2296728
B41: อ.เมืองจันทบุรี | C41: อ.เมืองจันทบุรี | D41: =+WeightCal!M39 -> 4.3580472 | E41: =+WeightCal!N39 -> 0.93070969 | F41: =+WeightCal!O39 -> 0.087366939 | G41: =+WeightCal!P39 -> 3.6514823 | H41: =+WeightCal!Q39 -> 3.8334314 | I41: =+WeightCal!R39 -> 6.1398417 | J41: =+WeightCal!S39 -> 17.558353 | K41: =+WeightCal!T39 -> 9.1229638 | L41: =+WeightCal!U39 -> 9.3629906
B42: อ.สอยดาว | C42: อ.สอยดาว | D42: =+WeightCal!M40 -> 13.587094 | E42: =+WeightCal!N40 -> 6.5692419 | F42: =+WeightCal!O40 -> 0.60102534 | G42: =+WeightCal!P40 -> 3.5156888 | H42: =+WeightCal!Q40 -> 25.316953 | I42: =+WeightCal!R40 -> 15.378948 | J42: =+WeightCal!S40 -> 19.205881 | K42: =+WeightCal!T40 -> 13.235743 | L42: =+WeightCal!U40 -> 0.55020414
B43: อ.แหลมสิงห์ | C43: อ.แหลมสิงห์ | D43: =+WeightCal!M41 -> 0.87258258 | E43: =+WeightCal!N41 -> 0.12355377 | F43: =+WeightCal!O41 -> 0.096220611 | G43: =+WeightCal!P41 -> 0.85455356 | H43: =+WeightCal!Q41 -> 18.322419 | I43: =+WeightCal!R41 -> 2.6756455 | J43: =+WeightCal!S41 -> 15.353658 | K43: =+WeightCal!T41 -> 4.8898669 | L43: =+WeightCal!U41 -> 8.8073292
A44: จ.ตราด | B44: อ.เขาสมิง | C44: อ.เขาสมิง | D44: =+WeightCal!M42 -> 8.5282957 | E44: =+WeightCal!N42 -> 0.52888613 | F44: =+WeightCal!O42 -> 0.96698691 | G44: =+WeightCal!P42 -> 0.26231702 | H44: =+WeightCal!Q42 -> 3.4715947 | I44: =+WeightCal!R42 -> 2.3071711 | J44: =+WeightCal!S42 -> 7.6083623 | K44: =+WeightCal!T42 -> 6.2850142 | L44: =+WeightCal!U42 -> 25.511002
B45: อ.คลองใหญ่ | C45: อ.คลองใหญ่ | D45: =+WeightCal!M43 -> 2.6974065 | E45: =+WeightCal!N43 -> 0.49413396 | F45: =+WeightCal!O43 -> 0.26174077 | G45: =+WeightCal!P43 -> 0.087949797 | H45: =+WeightCal!Q43 -> 0.55025837 | I45: =+WeightCal!R43 -> 0.094703511 | J45: =+WeightCal!S43 -> 4.0026414 | K45: =+WeightCal!T43 -> 40.471525 | L45: =+WeightCal!U43 -> 11.238781
B46: อ.บ่อไร่ | C46: อ.บ่อไร่ | D46: =+WeightCal!M44 -> 25.333929 | E46: =+WeightCal!N44 -> 2.2194304 | F46: =+WeightCal!O44 -> 0.28308095 | G46: =+WeightCal!P44 -> 2.9392832 | H46: =+WeightCal!Q44 -> 3.5430944 | I46: =+WeightCal!R44 -> 11.917812 | J46: =+WeightCal!S44 -> 8.8756548 | K46: =+WeightCal!T44 -> 3.0386184 | L46: =+WeightCal!U44 -> 18.686297
B47: อ.เมืองตราด | C47: อ.เมืองตราด | D47: =+WeightCal!M45 -> 6.5498835 | E47: =+WeightCal!N45 -> 2.939524 | F47: =+WeightCal!O45 -> 0.54106851 | G47: =+WeightCal!P45 -> 0.5085332 | H47: =+WeightCal!Q45 -> 3.1511437 | I47: =+WeightCal!R45 -> 4.598135 | J47: =+WeightCal!S45 -> 12.179855 | K47: =+WeightCal!T45 -> 9.881322 | L47: =+WeightCal!U45 -> 26.132902
B48: อ.แหลมงอบ | C48: อ.แหลมงอบ | D48: =+WeightCal!M46 -> 0.30318244 | E48: =+WeightCal!N46 -> 0.076123498 | F48: =+WeightCal!O46 -> 0.090409358 | G48: =+WeightCal!P46 -> 0.040530034 | H48: =+WeightCal!Q46 -> 1.1911005 | I48: =+WeightCal!R46 -> 2.435518 | J48: =+WeightCal!S46 -> 12.553069 | K48: =+WeightCal!T46 -> 15.593921 | L48: =+WeightCal!U46 -> 38.091876
B49: อ.เกาะกูด | C49: กิ่ง อ.เกาะกูด | D49: =+WeightCal!M47 -> 0.34091069 | E49: =+WeightCal!N47 -> 2.2720514 | F49: =+WeightCal!O47 -> 0.16215163 | G49: =+WeightCal!P47 -> 0.14780983 | H49: =+WeightCal!Q47 -> 5.0474717 | I49: =+WeightCal!R47 -> 3.1158756 | J49: =+WeightCal!S47 -> 4.7912299 | K49: =+WeightCal!T47 -> 6.8341413 | L49: =+WeightCal!U47 -> 3.9386351
B50: อ.เกาะช้าง | C50: กิ่ง อ.เกาะช้าง | D50: =+WeightCal!M48 -> 4.0939417 | E50: =+WeightCal!N48 -> 0.83669759 | F50: =+WeightCal!O48 -> 0.21052956 | G50: =+WeightCal!P48 -> 1.2615242 | H50: =+WeightCal!Q48 -> 23.654534 | I50: =+WeightCal!R48 -> 4.3437735 | J50: =+WeightCal!S48 -> 24.637288 | K50: =+WeightCal!T48 -> 7.6708097 | L50: =+WeightCal!U48 -> 15.669295
A51: จ.สระแก้ว | B51: อ.เขาฉกรรจ์ | C51: อ.เขาฉกรรจ์ | D51: =+WeightCal!M49 -> 1.0657488 | E51: =+WeightCal!N49 -> 2.6075643 | F51: =+WeightCal!O49 -> 0.16116308 | G51: =+WeightCal!P49 -> 1.9759773 | H51: =+WeightCal!Q49 -> 0.14529489 | I51: =+WeightCal!R49 -> 15.673746 | J51: =+WeightCal!S49 -> 17.315177 | K51: =+WeightCal!T49 -> 0.56788605 | L51: =+WeightCal!U49 -> 0.019141076
B52: อ.คลองหาด | C52: อ.คลองหาด | D52: =+WeightCal!M50 -> 10.123844 | E52: =+WeightCal!N50 -> 11.675909 | F52: =+WeightCal!O50 -> 0.2396797 | G52: =+WeightCal!P50 -> 3.0111359 | H52: =+WeightCal!Q50 -> 1.6574863 | I52: =+WeightCal!R50 -> 7.6195997 | J52: =+WeightCal!S50 -> 6.3952366 | K52: =+WeightCal!T50 -> 0.097409745 | L52: =+WeightCal!U50 -> 1.1328212
B53: อ.โคกสูง | C53: อ.โคกสูง | D53: =+WeightCal!M51 -> 0.0036202835 | E53: =+WeightCal!N51 -> 0.012537192 | F53: =+WeightCal!O51 -> 0.042588933 | G53: =+WeightCal!P51 -> 0.042055342 | H53: =+WeightCal!Q51 -> 1.5156038 | I53: =+WeightCal!R51 -> 15.164426 | J53: =+WeightCal!S51 -> 1.117361 | K53: =+WeightCal!T51 -> 0.020391988 | L53: =+WeightCal!U51 -> 0.26692917
B54: อ.ตาพระยา | C54: อ.ตาพระยา | D54: =+WeightCal!M52 -> 0.55388749 | E54: =+WeightCal!N52 -> 0.28695719 | F54: =+WeightCal!O52 -> 0.55345673 | G54: =+WeightCal!P52 -> 0.087573406 | H54: =+WeightCal!Q52 -> 4.8526672 | I54: =+WeightCal!R52 -> 15.935313 | J54: =+WeightCal!S52 -> 4.7042471 | K54: =+WeightCal!T52 -> 0.10445831 | L54: =+WeightCal!U52 -> 0.45517195
B55: อ.เมืองสระแก้ว | C55: อ.เมืองสระแก้ว | D55: =+WeightCal!M53 -> 1.3184844 | E55: =+WeightCal!N53 -> 2.4980319 | F55: =+WeightCal!O53 -> 0.23959402 | G55: =+WeightCal!P53 -> 0.52483079 | H55: =+WeightCal!Q53 -> 0.7188573 | I55: =+WeightCal!R53 -> 16.070252 | J55: =+WeightCal!S53 -> 7.3870617 | K55: =+WeightCal!T53 -> 0.73577451 | L55: =+WeightCal!U53 -> 0.0019609556
B56: อ.วังน้ำเย็น | C56: อ.วังน้ำเย็น | D56: =+WeightCal!M54 -> 3.4798003 | E56: =+WeightCal!N54 -> 1.4626134 | F56: =+WeightCal!O54 -> 0.5091982 | G56: =+WeightCal!P54 -> 0.96853539 | H56: =+WeightCal!Q54 -> 0.13056406 | I56: =+WeightCal!R54 -> 4.5528239 | J56: =+WeightCal!S54 -> 19.361182 | K56: =+WeightCal!T54 -> 0.21586498 | L56: =+WeightCal!U54 -> 0.14299049
B57: อ.วังสมบูรณ์ | C57: อ.วังสมบูรณ์ | D57: =+WeightCal!M55 -> 17.317387 | E57: =+WeightCal!N55 -> 4.5573328 | F57: =+WeightCal!O55 -> 4.9007251 | G57: =+WeightCal!P55 -> 4.4486663 | H57: =+WeightCal!Q55 -> 4.8724761 | I57: =+WeightCal!R55 -> 12.542789 | J57: =+WeightCal!S55 -> 34.235507 | K57: =+WeightCal!T55 -> 0.16147832 | L57: =+WeightCal!U55 -> 0.34399677
B58: อ.วัฒนานคร | C58: อ.วัฒนานคร | D58: =+WeightCal!M56 -> 0.99711742 | E58: =+WeightCal!N56 -> 1.4807678 | F58: =+WeightCal!O56 -> 1.2485846 | G58: =+WeightCal!P56 -> 0.78730825 | H58: =+WeightCal!Q56 -> 2.4609271 | I58: =+WeightCal!R56 -> 19.926675 | J58: =+WeightCal!S56 -> 3.7941977 | K58: =+WeightCal!T56 -> 0.12374279 | L58: =+WeightCal!U56 -> 0.0059601185
B59: อ.อรัญประเทศ | C59: อ.อรัญประเทศ | D59: =+WeightCal!M57 -> 0.11559194 | E59: =+WeightCal!N57 -> 0.7773437 | F59: =+WeightCal!O57 -> 0.21517095 | G59: =+WeightCal!P57 -> 0.74972866 | H59: =+WeightCal!Q57 -> 4.5222282 | I59: =+WeightCal!R57 -> 19.211483 | J59: =+WeightCal!S57 -> 2.3787517 | K59: =+WeightCal!T57 -> 0.28922682 | L59: =+WeightCal!U57 -> 0.15018195
A60: จ.ปราจีนบุรี | B60: อ.กบินทร์บุรี | C60: อ.กบินทร์บุรี | D60: =+WeightCal!M58 -> 2.2351612 | E60: =+WeightCal!N58 -> 2.9080414 | F60: =+WeightCal!O58 -> 0.80046641 | G60: =+WeightCal!P58 -> 1.1802304 | H60: =+WeightCal!Q58 -> 2.0458351 | I60: =+WeightCal!R58 -> 8.6590972 | J60: =+WeightCal!S58 -> 14.733647 | K60: =+WeightCal!T58 -> 1.0494932 | L60: =+WeightCal!U58 -> 0
B61: อ.นาดี | C61: อ.นาดี | D61: =+WeightCal!M59 -> 0.75896118 | E61: =+WeightCal!N59 -> 1.1511901 | F61: =+WeightCal!O59 -> 0.18916322 | G61: =+WeightCal!P59 -> 0.27681999 | H61: =+WeightCal!Q59 -> 0.87847183 | I61: =+WeightCal!R59 -> 32.401847 | J61: =+WeightCal!S59 -> 5.080594 | K61: =+WeightCal!T59 -> 0.15848176 | L61: =+WeightCal!U59 -> 0.0019551776
B62: อ.บ้านสร้าง | C62: อ.บ้านสร้าง | D62: =+WeightCal!M60 -> 5.3470618 | E62: =+WeightCal!N60 -> 1.6670496 | F62: =+WeightCal!O60 -> 16.54829 | G62: =+WeightCal!P60 -> 0.98856414 | H62: =+WeightCal!Q60 -> 2.7332004 | I62: =+WeightCal!R60 -> 8.8960921 | J62: =+WeightCal!S60 -> 19.096921 | K62: =+WeightCal!T60 -> 0.00095253787 | L62: =+WeightCal!U60 -> 0.00047626893
B63: อ.ประจันตคาม | C63: อ.ประจันตคาม | D63: =+WeightCal!M61 -> 11.699352 | E63: =+WeightCal!N61 -> 2.9464999 | F63: =+WeightCal!O61 -> 0.49111543 | G63: =+WeightCal!P61 -> 0.85939792 | H63: =+WeightCal!Q61 -> 11.315747 | I63: =+WeightCal!R61 -> 32.502279 | J63: =+WeightCal!S61 -> 8.6686826 | K63: =+WeightCal!T61 -> 0.24555947 | L63: =+WeightCal!U61 -> 0
B64: อ.เมืองปราจีนบุรี | C64: อ.เมืองปราจีนบุรี | D64: =+WeightCal!M62 -> 4.6677 | E64: =+WeightCal!N62 -> 0.82424577 | F64: =+WeightCal!O62 -> 1.532432 | G64: =+WeightCal!P62 -> 0.81707146 | H64: =+WeightCal!Q62 -> 2.9644069 | I64: =+WeightCal!R62 -> 18.73849 | J64: =+WeightCal!S62 -> 27.627078 | K64: =+WeightCal!T62 -> 0.010324278 | L64: =+WeightCal!U62 -> 0
B65: อ.ศรีมหาโพธิ | C65: อ.ศรีมหาโพธิ | D65: =+WeightCal!M63 -> 1.6956951 | E65: =+WeightCal!N63 -> 5.3390788 | F65: =+WeightCal!O63 -> 2.5643573 | G65: =+WeightCal!P63 -> 3.7256308 | H65: =+WeightCal!Q63 -> 3.9871652 | I65: =+WeightCal!R63 -> 3.6673279 | J65: =+WeightCal!S63 -> 24.866374 | K65: =+WeightCal!T63 -> 5.7583318 | L65: =+WeightCal!U63 -> 0
B66: อ.ศรีมโหสถ | C66: อ.ศรีมโหสถ | D66: =+WeightCal!M64 -> 1.655752 | E66: =+WeightCal!N64 -> 9.4634029 | F66: =+WeightCal!O64 -> 7.7794806 | G66: =+WeightCal!P64 -> 4.3303916 | H66: =+WeightCal!Q64 -> 7.557293 | I66: =+WeightCal!R64 -> 5.9267031 | J66: =+WeightCal!S64 -> 27.975904 | K66: =+WeightCal!T64 -> 3.121367 | L66: =+WeightCal!U64 -> 0.00097818046
A67: จ.นครนายก | B67: อ.บ้านนา | C67: อ.บ้านนา | D67: =+WeightCal!M65 -> 5.4923602 | E67: =+WeightCal!N65 -> 0.0044933176 | F67: =+WeightCal!O65 -> 0.40350619 | G67: =+WeightCal!P65 -> 0.75724249 | H67: =+WeightCal!Q65 -> 1.3181694 | I67: =+WeightCal!R65 -> 7.5365857 | J67: =+WeightCal!S65 -> 27.765972 | K67: =+WeightCal!T65 -> 0.44428168 | L67: =+WeightCal!U65 -> 0.77732879
B68: อ.ปากพลี | C68: อ.ปากพลี | D68: =+WeightCal!M66 -> 3.6919398 | E68: =+WeightCal!N66 -> 1.6652254 | F68: =+WeightCal!O66 -> 2.5356242 | G68: =+WeightCal!P66 -> 2.1648347 | H68: =+WeightCal!Q66 -> 1.3570593 | I68: =+WeightCal!R66 -> 42.294428 | J68: =+WeightCal!S66 -> 36.692083 | K68: =+WeightCal!T66 -> 0.14216686 | L68: =+WeightCal!U66 -> 0.0019175969
B69: อ.เมืองนครนายก | C69: อ.เมืองนครนายก | D69: =+WeightCal!M67 -> 7.6923462 | E69: =+WeightCal!N67 -> 3.8168232 | F69: =+WeightCal!O67 -> 2.4192578 | G69: =+WeightCal!P67 -> 1.2378725 | H69: =+WeightCal!Q67 -> 2.2884271 | I69: =+WeightCal!R67 -> 33.136957 | J69: =+WeightCal!S67 -> 33.957425 | K69: =+WeightCal!T67 -> 0.2984279 | L69: =+WeightCal!U67 -> 0.022799711
B70: อ.องครักษ์ | C70: อ.องครักษ์ | D70: =+WeightCal!M68 -> 1.2970448 | E70: =+WeightCal!N68 -> 0.19566064 | F70: =+WeightCal!O68 -> 3.9327288 | G70: =+WeightCal!P68 -> 1.7818207 | H70: =+WeightCal!Q68 -> 0.92882362 | I70: =+WeightCal!R68 -> 15.043506 | J70: =+WeightCal!S68 -> 21.855183 | K70: =+WeightCal!T68 -> 0.037863269 | L70: =+WeightCal!U68 -> 0.0099216091
A71: หมายเหตุ จากแบบจำลอง ECMWF 01:00 น. 29/9/2567
E72: ระดับปริมาณฝน | F72: 0 - 10 | G72: >10 - 20 | H72: >20 - 35 | I72: >35 - 50 | J72: >50 - 70 | K72: >70 -90 | L72: >90
F74: เล็กน้อย | G74: ปานกลาง | I74: หนัก | L74: หนักมาก

Sheet สรุปสะสม (อ.)
A1: ='สรุปรายวัน (อ.)'!A1:L1 -> ปริมาณฝนคาดการณ์ระหว่างวันที่ 27 กันยายน - 5 ตุลาคม 2567
A2: จังหวัด | B2: อำเภอ | C2: อำเภอ | D2: ปริมาณฝนพยากรณ์สะสม (มม.) | H2: จังหวัด | I2: อำเภอ | J2: อำเภอ | K2: ปริมาณฝนพยากรณ์สะสม (มม.) | P2: ระดับปริมาณฝน | Q2: สะสม 3 วัน | R2: 0 - 30 | S2: >30 - 60 | T2: >60 - 105 | U2: >105 - 150 | V2: >150 - 210 | W2: >210 - 270 | X2: >270
D3: 3 วัน | E3: 5 วัน | F3: 7 วัน | K3: 3 วัน | L3: 5 วัน | M3: 7 วัน | Q3: สะสม 5 วัน | R3: 0 - 50 | S3: >50 - 100 | T3: >100 - 175 | U3: >175 - 250 | V3: >250 - 350 | W3: >350 - 450 | X3: >450
D4: ="("&TEXT('สรุปรายวัน (อ.)'!D4,"[$-th-TH,107]d mmm;@")&" - "&TEXT('สรุปรายวัน (อ.)'!F4,"[$-th-TH,107]d mmm yy;@")&")" -> (27 ก.ย. - 29 ก.ย. 67) | E4: ="("&TEXT('สรุปรายวัน (อ.)'!D4,"[$-th-TH,107]d mmm;@")&" - "&TEXT('สรุปรายวัน (อ.)'!H4,"[$-th-TH,107]d mmm yy;@")&")" -> (27 ก.ย. - 1 ต.ค. 67) | F4: ="("&TEXT('สรุปรายวัน (อ.)'!D4,"[$-th-TH,107]d mmm;@")&" - "&TEXT('สรุปรายวัน (อ.)'!J4,"[$-th-TH,107]d mmm yy;@")&")" -> (27 ก.ย. - 3 ต.ค. 67) | K4: ="("&TEXT('สรุปรายวัน (อ.)'!D4,"[$-th-TH,107]d mmm;@")&" - "&TEXT('สรุปรายวัน (อ.)'!F4,"[$-th-TH,107]d mmm yy;@")&")" -> (27 ก.ย. - 29 ก.ย. 67) | L4: ="("&TEXT('สรุปรายวัน (อ.)'!D4,"[$-th-TH,107]d mmm;@")&" - "&TEXT('สรุปรายวัน (อ.)'!H4,"[$-th-TH,107]d mmm yy;@")&")" -> (27 ก.ย. - 1 ต.ค. 67) | M4: ="("&TEXT('สรุปรายวัน (อ.)'!D4,"[$-th-TH,107]d mmm;@")&" - "&TEXT('สรุปรายวัน (อ.)'!J4,"[$-th-TH,107]d mmm yy;@")&")" -> (27 ก.ย. - 3 ต.ค. 67) | Q4: สะสม 7 วัน | R4: 0 - 70 | S4: >70 - 140 | T4: >140 - 245 | U4: >245 - 350 | V4: >350 - 490 | W4: >490 - 630 | X4: >630
A5: จ.ฉะเชิงเทรา | B5: อ.คลองเขื่อน | C5: อ.คลองเขื่อน | D5: =+SUM('สรุปรายวัน (อ.)'!D5:F5) -> 69.704373 | E5: =+SUM('สรุปรายวัน (อ.)'!D5:H5) -> 71.146557 | F5: =+SUM('สรุปรายวัน (อ.)'!D5:J5) -> 113.7621 | H5: จ.ตราด | I5: อ.เขาสมิง | J5: อ.เขาสมิง | K5: =+SUM('สรุปรายวัน (อ.)'!D44:F44) -> 10.024169 | L5: =+SUM('สรุปรายวัน (อ.)'!D44:H44) -> 13.75808 | M5: =+SUM('สรุปรายวัน (อ.)'!D44:J44) -> 23.673614 | Q5: ระดับ
B6: อ.ท่าตะเกียบ | C6: อ.ท่าตะเกียบ | D6: =+SUM('สรุปรายวัน (อ.)'!D6:F6) -> 16.604293 | E6: =+SUM('สรุปรายวัน (อ.)'!D6:H6) -> 24.165233 | F6: =+SUM('สรุปรายวัน (อ.)'!D6:J6) -> 58.204226 | I6: อ.คลองใหญ่ | J6: อ.คลองใหญ่ | K6: =+SUM('สรุปรายวัน (อ.)'!D45:F45) -> 3.4532812 | L6: =+SUM('สรุปรายวัน (อ.)'!D45:H45) -> 4.0914894 | M6: =+SUM('สรุปรายวัน (อ.)'!D45:J45) -> 8.1888343 | R6: เล็กน้อย | S6: ปานกลาง | U6: หนัก | X6: หนักมาก
B7: อ.บางคล้า | C7: อ.บางคล้า | D7: =+SUM('สรุปรายวัน (อ.)'!D7:F7) -> 54.957611 | E7: =+SUM('สรุปรายวัน (อ.)'!D7:H7) -> 56.566102 | F7: =+SUM('สรุปรายวัน (อ.)'!D7:J7) -> 94.31443 | I7: อ.บ่อไร่ | J7: อ.บ่อไร่ | K7: =+SUM('สรุปรายวัน (อ.)'!D46:F46) -> 27.83644 | L7: =+SUM('สรุปรายวัน (อ.)'!D46:H46) -> 34.318818 | M7: =+SUM('สรุปรายวัน (อ.)'!D46:J46) -> 55.112285
B8: อ.บางน้ำเปรี้ยว | C8: อ.บางน้ำเปรี้ยว | D8: =+SUM('สรุปรายวัน (อ.)'!D8:F8) -> 43.702801 | E8: =+SUM('สรุปรายวัน (อ.)'!D8:H8) -> 45.028803 | F8: =+SUM('สรุปรายวัน (อ.)'!D8:J8) -> 64.480967 | I8: อ.เมืองตราด | J8: อ.เมืองตราด | K8: =+SUM('สรุปรายวัน (อ.)'!D47:F47) -> 10.030476 | L8: =+SUM('สรุปรายวัน (อ.)'!D47:H47) -> 13.690153 | M8: =+SUM('สรุปรายวัน (อ.)'!D47:J47) -> 30.468143
B9: อ.บางปะกง | C9: อ.บางปะกง | D9: =+SUM('สรุปรายวัน (อ.)'!D9:F9) -> 12.293746 | E9: =+SUM('สรุปรายวัน (อ.)'!D9:H9) -> 26.103467 | F9: =+SUM('สรุปรายวัน (อ.)'!D9:J9) -> 54.151874 | I9: อ.แหลมงอบ | J9: อ.แหลมงอบ | K9: =+SUM('สรุปรายวัน (อ.)'!D48:F48) -> 0.4697153 | L9: =+SUM('สรุปรายวัน (อ.)'!D48:H48) -> 1.7013459 | M9: =+SUM('สรุปรายวัน (อ.)'!D48:J48) -> 16.689933
B10: อ.บ้านโพธิ์ | C10: อ.บ้านโพธิ์ | D10: =+SUM('สรุปรายวัน (อ.)'!D10:F10) -> 15.622795 | E10: =+SUM('สรุปรายวัน (อ.)'!D10:H10) -> 21.235334 | F10: =+SUM('สรุปรายวัน (อ.)'!D10:J10) -> 48.744972 | I10: อ.เกาะกูด | J10: กิ่ง อ.เกาะกูด | K10: =+SUM('สรุปรายวัน (อ.)'!D49:F49) -> 2.7751137 | L10: =+SUM('สรุปรายวัน (อ.)'!D49:H49) -> 7.9703953 | M10: =+SUM('สรุปรายวัน (อ.)'!D49:J49) -> 15.877501
B11: อ.แปลงยาว | C11: อ.แปลงยาว | D11: =+SUM('สรุปรายวัน (อ.)'!D11:F11) -> 43.254081 | E11: =+SUM('สรุปรายวัน (อ.)'!D11:H11) -> 47.573468 | F11: =+SUM('สรุปรายวัน (อ.)'!D11:J11) -> 80.824462 | I11: อ.เกาะช้าง | J11: กิ่ง อ.เกาะช้าง | K11: =+SUM('สรุปรายวัน (อ.)'!D50:F50) -> 5.1411689 | L11: =+SUM('สรุปรายวัน (อ.)'!D50:H50) -> 30.057227 | M11: =+SUM('สรุปรายวัน (อ.)'!D50:J50) -> 59.038289
B12: อ.พนมสารคาม | C12: อ.พนมสารคาม | D12: =+SUM('สรุปรายวัน (อ.)'!D12:F12) -> 26.689218 | E12: =+SUM('สรุปรายวัน (อ.)'!D12:H12) -> 33.048873 | F12: =+SUM('สรุปรายวัน (อ.)'!D12:J12) -> 53.704769 | H12: จ.สระแก้ว | I12: อ.เขาฉกรรจ์ | J12: อ.เขาฉกรรจ์ | K12: =+SUM('สรุปรายวัน (อ.)'!D51:F51) -> 3.8344762 | L12: =+SUM('สรุปรายวัน (อ.)'!D51:H51) -> 5.9557484 | M12: =+SUM('สรุปรายวัน (อ.)'!D51:J51) -> 38.944671
B13: อ.เมืองฉะเชิงเทรา | C13: อ.เมืองฉะเชิงเทรา | D13: =+SUM('สรุปรายวัน (อ.)'!D13:F13) -> 27.824051 | E13: =+SUM('สรุปรายวัน (อ.)'!D13:H13) -> 31.407525 | F13: =+SUM('สรุปรายวัน (อ.)'!D13:J13) -> 65.81282 | I13: อ.คลองหาด | J13: อ.คลองหาด | K13: =+SUM('สรุปรายวัน (อ.)'!D52:F52) -> 22.039433 | L13: =+SUM('สรุปรายวัน (อ.)'!D52:H52) -> 26.708055 | M13: =+SUM('สรุปรายวัน (อ.)'!D52:J52) -> 40.722891
B14: อ.ราชสาส์น | C14: อ.ราชสาส์น | D14: =+SUM('สรุปรายวัน (อ.)'!D14:F14) -> 45.635499 | E14: =+SUM('สรุปรายวัน (อ.)'!D14:H14) -> 46.298678 | F14: =+SUM('สรุปรายวัน (อ.)'!D14:J14) -> 74.266243 | I14: อ.โคกสูง | J14: อ.โคกสูง | K14: =+SUM('สรุปรายวัน (อ.)'!D53:F53) -> 0.058746409 | L14: =+SUM('สรุปรายวัน (อ.)'!D53:H53) -> 1.6164056 | M14: =+SUM('สรุปรายวัน (อ.)'!D53:J53) -> 17.898193
B15: อ.สนามชัยเขต | C15: อ.สนามชัยเขต | D15: =+SUM('สรุปรายวัน (อ.)'!D15:F15) -> 14.636164 | E15: =+SUM('สรุปรายวัน (อ.)'!D15:H15) -> 15.961816 | F15: =+SUM('สรุปรายวัน (อ.)'!D15:J15) -> 38.989172 | I15: อ.ตาพระยา | J15: อ.ตาพระยา | K15: =+SUM('สรุปรายวัน (อ.)'!D54:F54) -> 1.3943014 | L15: =+SUM('สรุปรายวัน (อ.)'!D54:H54) -> 6.334542 | M15: =+SUM('สรุปรายวัน (อ.)'!D54:J54) -> 26.974103
A16: จ.ชลบุรี | B16: อ.เกาะจันทร์ | C16: อ.เกาะจันทร์ | D16: =+SUM('สรุปรายวัน (อ.)'!D16:F16) -> 13.784248 | E16: =+SUM('สรุปรายวัน (อ.)'!D16:H16) -> 15.968678 | F16: =+SUM('สรุปรายวัน (อ.)'!D16:J16) -> 36.176253 | I16: อ.เมืองสระแก้ว | J16: อ.เมืองสระแก้ว | K16: =+SUM('สรุปรายวัน (อ.)'!D55:F55) -> 4.0561103 | L16: =+SUM('สรุปรายวัน (อ.)'!D55:H55) -> 5.2997983 | M16: =+SUM('สรุปรายวัน (อ.)'!D55:J55) -> 28.757112
B17: อ.บ่อทอง | C17: อ.บ่อทอง | D17: =+SUM('สรุปรายวัน (อ.)'!D17:F17) -> 4.3994439 | E17: =+SUM('สรุปรายวัน (อ.)'!D17:H17) -> 13.471282 | F17: =+SUM('สรุปรายวัน (อ.)'!D17:J17) -> 46.31487 | I17: อ.วังน้ำเย็น | J17: อ.วังน้ำเย็น | K17: =+SUM('สรุปรายวัน (อ.)'!D56:F56) -> 5.4516119 | L17: =+SUM('สรุปรายวัน (อ.)'!D56:H56) -> 6.5507113 | M17: =+SUM('สรุปรายวัน (อ.)'!D56:J56) -> 30.464717
B18: อ.บางละมุง | C18: อ.บางละมุง | D18: =+SUM('สรุปรายวัน (อ.)'!D18:F18) -> 5.5545893 | E18: =+SUM('สรุปรายวัน (อ.)'!D18:H18) -> 9.3046111 | F18: =+SUM('สรุปรายวัน (อ.)'!D18:J18) -> 45.220833 | I18: อ.วังสมบูรณ์ | J18: อ.วังสมบูรณ์ | K18: =+SUM('สรุปรายวัน (อ.)'!D57:F57) -> 26.775445 | L18: =+SUM('สรุปรายวัน (อ.)'!D57:H57) -> 36.096587 | M18: =+SUM('สรุปรายวัน (อ.)'!D57:J57) -> 82.874883
B19: อ.บ้านบึง | C19: อ.บ้านบึง | D19: =+SUM('สรุปรายวัน (อ.)'!D19:F19) -> 14.220623 | E19: =+SUM('สรุปรายวัน (อ.)'!D19:H19) -> 21.239224 | F19: =+SUM('สรุปรายวัน (อ.)'!D19:J19) -> 80.519544 | I19: อ.วัฒนานคร | J19: อ.วัฒนานคร | K19: =+SUM('สรุปรายวัน (อ.)'!D58:F58) -> 3.7264698 | L19: =+SUM('สรุปรายวัน (อ.)'!D58:H58) -> 6.9747051 | M19: =+SUM('สรุปรายวัน (อ.)'!D58:J58) -> 30.695578
B20: อ.พนัสนิคม | C20: อ.พนัสนิคม | D20: =+SUM('สรุปรายวัน (อ.)'!D20:F20) -> 14.425714 | E20: =+SUM('สรุปรายวัน (อ.)'!D20:H20) -> 24.243064 | F20: =+SUM('สรุปรายวัน (อ.)'!D20:J20) -> 47.122503 | I20: อ.อรัญประเทศ | J20: อ.อรัญประเทศ | K20: =+SUM('สรุปรายวัน (อ.)'!D59:F59) -> 1.1081066 | L20: =+SUM('สรุปรายวัน (อ.)'!D59:H59) -> 6.3800635 | M20: =+SUM('สรุปรายวัน (อ.)'!D59:J59) -> 27.970298
B21: อ.พานทอง | C21: อ.พานทอง | D21: =+SUM('สรุปรายวัน (อ.)'!D21:F21) -> 40.742715 | E21: =+SUM('สรุปรายวัน (อ.)'!D21:H21) -> 44.170086 | F21: =+SUM('สรุปรายวัน (อ.)'!D21:J21) -> 100.1153 | H21: จ.ปราจีนบุรี | I21: อ.กบินทร์บุรี | J21: อ.กบินทร์บุรี | K21: =+SUM('สรุปรายวัน (อ.)'!D60:F60) -> 5.943669 | L21: =+SUM('สรุปรายวัน (อ.)'!D60:H60) -> 9.1697345 | M21: =+SUM('สรุปรายวัน (อ.)'!D60:J60) -> 32.562479
B22: อ.เมืองชลบุรี | C22: อ.เมืองชลบุรี | D22: =+SUM('สรุปรายวัน (อ.)'!D22:F22) -> 21.613732 | E22: =+SUM('สรุปรายวัน (อ.)'!D22:H22) -> 25.609151 | F22: =+SUM('สรุปรายวัน (อ.)'!D22:J22) -> 65.131917 | I22: อ.นาดี | J22: อ.นาดี | K22: =+SUM('สรุปรายวัน (อ.)'!D61:F61) -> 2.0993145 | L22: =+SUM('สรุปรายวัน (อ.)'!D61:H61) -> 3.2546063 | M22: =+SUM('สรุปรายวัน (อ.)'!D61:J61) -> 40.737047
B23: อ.ศรีราชา | C23: อ.ศรีราชา | D23: =+SUM('สรุปรายวัน (อ.)'!D23:F23) -> 14.093828 | E23: =+SUM('สรุปรายวัน (อ.)'!D23:H23) -> 18.07925 | F23: =+SUM('สรุปรายวัน (อ.)'!D23:J23) -> 67.548914 | I23: อ.บ้านสร้าง | J23: อ.บ้านสร้าง | K23: =+SUM('สรุปรายวัน (อ.)'!D62:F62) -> 23.562401 | L23: =+SUM('สรุปรายวัน (อ.)'!D62:H62) -> 27.284166 | M23: =+SUM('สรุปรายวัน (อ.)'!D62:J62) -> 55.277179
B24: อ.สัตหีบ | C24: อ.สัตหีบ | D24: =+SUM('สรุปรายวัน (อ.)'!D24:F24) -> 4.0016961 | E24: =+SUM('สรุปรายวัน (อ.)'!D24:H24) -> 6.7569708 | F24: =+SUM('สรุปรายวัน (อ.)'!D24:J24) -> 40.815533 | I24: อ.ประจันตคาม | J24: อ.ประจันตคาม | K24: =+SUM('สรุปรายวัน (อ.)'!D63:F63) -> 15.136967 | L24: =+SUM('สรุปรายวัน (อ.)'!D63:H63) -> 27.312113 | M24: =+SUM('สรุปรายวัน (อ.)'!D63:J63) -> 68.483074
B25: อ.หนองใหญ่ | C25: อ.หนองใหญ่ | D25: =+SUM('สรุปรายวัน (อ.)'!D25:F25) -> 3.2302762 | E25: =+SUM('สรุปรายวัน (อ.)'!D25:H25) -> 10.781074 | F25: =+SUM('สรุปรายวัน (อ.)'!D25:J25) -> 44.092422 | I25: อ.เมืองปราจีนบุรี | J25: อ.เมืองปราจีนบุรี | K25: =+SUM('สรุปรายวัน (อ.)'!D64:F64) -> 7.0243777 | L25: =+SUM('สรุปรายวัน (อ.)'!D64:H64) -> 10.805856 | M25: =+SUM('สรุปรายวัน (อ.)'!D64:J64) -> 57.171425
A26: จ.ระยอง | B26: อ.แกลง | C26: อ.แกลง | D26: =+SUM('สรุปรายวัน (อ.)'!D26:F26) -> 3.6438565 | E26: =+SUM('สรุปรายวัน (อ.)'!D26:H26) -> 16.4264 | F26: =+SUM('สรุปรายวัน (อ.)'!D26:J26) -> 35.921655 | I26: อ.ศรีมหาโพธิ | J26: อ.ศรีมหาโพธิ | K26: =+SUM('สรุปรายวัน (อ.)'!D65:F65) -> 9.5991313 | L26: =+SUM('สรุปรายวัน (อ.)'!D65:H65) -> 17.311927 | M26: =+SUM('สรุปรายวัน (อ.)'!D65:J65) -> 45.84563
B27: อ.เขาชะเมา | C27: อ.เขาชะเมา | D27: =+SUM('สรุปรายวัน (อ.)'!D27:F27) -> 14.389531 | E27: =+SUM('สรุปรายวัน (อ.)'!D27:H27) -> 37.671156 | F27: =+SUM('สรุปรายวัน (อ.)'!D27:J27) -> 55.541421 | I27: อ.ศรีมโหสถ | J27: อ.ศรีมโหสถ | K27: =+SUM('สรุปรายวัน (อ.)'!D66:F66) -> 18.898636 | L27: =+SUM('สรุปรายวัน (อ.)'!D66:H66) -> 30.78632 | M27: =+SUM('สรุปรายวัน (อ.)'!D66:J66) -> 64.688927
B28: อ.นิคมพัฒนา | C28: อ.นิคมพัฒนา | D28: =+SUM('สรุปรายวัน (อ.)'!D28:F28) -> 0.5331923 | E28: =+SUM('สรุปรายวัน (อ.)'!D28:H28) -> 17.984269 | F28: =+SUM('สรุปรายวัน (อ.)'!D28:J28) -> 64.195975 | H28: จ.นครนายก | I28: อ.บ้านนา | J28: อ.บ้านนา | K28: =+SUM('สรุปรายวัน (อ.)'!D67:F67) -> 5.9003597 | L28: =+SUM('สรุปรายวัน (อ.)'!D67:H67) -> 7.9757716 | M28: =+SUM('สรุปรายวัน (อ.)'!D67:J67) -> 43.27833
B29: อ.บ้านค่าย | C29: อ.บ้านค่าย | D29: =+SUM('สรุปรายวัน (อ.)'!D29:F29) -> 14.681777 | E29: =+SUM('สรุปรายวัน (อ.)'!D29:H29) -> 27.106549 | F29: =+SUM('สรุปรายวัน (อ.)'!D29:J29) -> 58.655374 | I29: อ.ปากพลี | J29: อ.ปากพลี | K29: =+SUM('สรุปรายวัน (อ.)'!D68:F68) -> 7.8927895 | L29: =+SUM('สรุปรายวัน (อ.)'!D68:H68) -> 11.414684 | M29: =+SUM('สรุปรายวัน (อ.)'!D68:J68) -> 90.401194
B30: อ.บ้านฉาง | C30: อ.บ้านฉาง | D30: =+SUM('สรุปรายวัน (อ.)'!D30:F30) -> 3.9246487 | E30: =+SUM('สรุปรายวัน (อ.)'!D30:H30) -> 12.437938 | F30: =+SUM('สรุปรายวัน (อ.)'!D30:J30) -> 52.166428 | I30: อ.เมืองนครนายก | J30: อ.เมืองนครนายก | K30: =+SUM('สรุปรายวัน (อ.)'!D69:F69) -> 13.928427 | L30: =+SUM('สรุปรายวัน (อ.)'!D69:H69) -> 17.454727 | M30: =+SUM('สรุปรายวัน (อ.)'!D69:J69) -> 84.549108
B31: อ.ปลวกแดง | C31: อ.ปลวกแดง | D31: =+SUM('สรุปรายวัน (อ.)'!D31:F31) -> 5.6684306 | E31: =+SUM('สรุปรายวัน (อ.)'!D31:H31) -> 14.775695 | F31: =+SUM('สรุปรายวัน (อ.)'!D31:J31) -> 74.116301 | I31: อ.องครักษ์ | J31: อ.องครักษ์ | K31: =+SUM('สรุปรายวัน (อ.)'!D70:F70) -> 5.4254342 | L31: =+SUM('สรุปรายวัน (อ.)'!D70:H70) -> 8.1360785 | M31: =+SUM('สรุปรายวัน (อ.)'!D70:J70) -> 45.034768
B32: อ.เมืองระยอง | C32: อ.เมืองระยอง | D32: =+SUM('สรุปรายวัน (อ.)'!D32:F32) -> 2.1993065 | E32: =+SUM('สรุปรายวัน (อ.)'!D32:H32) -> 28.917489 | F32: =+SUM('สรุปรายวัน (อ.)'!D32:J32) -> 56.745214 | H32: หมายเหตุ จากแบบจำลอง ECMWF 19:00 น. 27/9/2567
B33: อ.วังจันทร์ | C33: อ.วังจันทร์ | D33: =+SUM('สรุปรายวัน (อ.)'!D33:F33) -> 7.6538251 | E33: =+SUM('สรุปรายวัน (อ.)'!D33:H33) -> 23.703083 | F33: =+SUM('สรุปรายวัน (อ.)'!D33:J33) -> 47.527515
A34: จ.จันทบุรี | B34: อ.แก่งหางแมว | C34: อ.แก่งหางแมว | D34: =+SUM('สรุปรายวัน (อ.)'!D34:F34) -> 21.186521 | E34: =+SUM('สรุปรายวัน (อ.)'!D34:H34) -> 49.446435 | F34: =+SUM('สรุปรายวัน (อ.)'!D34:J34) -> 75.296834
B35: อ.ขลุง | C35: อ.ขลุง | D35: =+SUM('สรุปรายวัน (อ.)'!D35:F35) -> 8.5161186 | E35: =+SUM('สรุปรายวัน (อ.)'!D35:H35) -> 15.300804 | F35: =+SUM('สรุปรายวัน (อ.)'!D35:J35) -> 32.12129
B36: อ.เขาคิชฌกูฏ | C36: อ.เขาคิชฌกูฏ | D36: =+SUM('สรุปรายวัน (อ.)'!D36:F36) -> 27.68982 | E36: =+SUM('สรุปรายวัน (อ.)'!D36:H36) -> 44.390224 | F36: =+SUM('สรุปรายวัน (อ.)'!D36:J36) -> 85.355918
B37: อ.ท่าใหม่ | C37: อ.ท่าใหม่ | D37: =+SUM('สรุปรายวัน (อ.)'!D37:F37) -> 6.0220349 | E37: =+SUM('สรุปรายวัน (อ.)'!D37:H37) -> 14.059292 | F37: =+SUM('สรุปรายวัน (อ.)'!D37:J37) -> 45.695695
B38: อ.นายายอาม | C38: อ.นายายอาม | D38: =+SUM('สรุปรายวัน (อ.)'!D38:F38) -> 5.5520466 | E38: =+SUM('สรุปรายวัน (อ.)'!D38:H38) -> 10.531538 | F38: =+SUM('สรุปรายวัน (อ.)'!D38:J38) -> 49.740814
B39: อ.โป่งน้ำร้อน | C39: อ.โป่งน้ำร้อน | D39: =+SUM('สรุปรายวัน (อ.)'!D39:F39) -> 10.977477 | E39: =+SUM('สรุปรายวัน (อ.)'!D39:H39) -> 40.179673 | F39: =+SUM('สรุปรายวัน (อ.)'!D39:J39) -> 71.896044
B40: อ.มะขาม | C40: อ.มะขาม | D40: =+SUM('สรุปรายวัน (อ.)'!D40:F40) -> 17.007749 | E40: =+SUM('สรุปรายวัน (อ.)'!D40:H40) -> 33.06811 | F40: =+SUM('สรุปรายวัน (อ.)'!D40:J40) -> 53.365837
B41: อ.เมืองจันทบุรี | C41: อ.เมืองจันทบุรี | D41: =+SUM('สรุปรายวัน (อ.)'!D41:F41) -> 5.3761238 | E41: =+SUM('สรุปรายวัน (อ.)'!D41:H41) -> 12.861037 | F41: =+SUM('สรุปรายวัน (อ.)'!D41:J41) -> 36.559232
B42: อ.สอยดาว | C42: อ.สอยดาว | D42: =+SUM('สรุปรายวัน (อ.)'!D42:F42) -> 20.757362 | E42: =+SUM('สรุปรายวัน (อ.)'!D42:H42) -> 49.590003 | F42: =+SUM('สรุปรายวัน (อ.)'!D42:J42) -> 84.174832
B43: อ.แหลมสิงห์ | C43: อ.แหลมสิงห์ | D43: =+SUM('สรุปรายวัน (อ.)'!D43:F43) -> 1.092357 | E43: =+SUM('สรุปรายวัน (อ.)'!D43:H43) -> 20.26933 | F43: =+SUM('สรุปรายวัน (อ.)'!D43:J43) -> 38.298633
